Workbook

Sheet README
B2: Department of Computer Engineering
B3: Academic Year-2022-23 | I3: Semester- | K3: II | O3: Class:- FY | Q3: Div:-C,D,E
B4: Course- Applied Mathematics Name of Faculty: Ms. S.S.Patil
B6: PROJECT TITLE: Academic Performance & CO-PO Attainment Analysis Using Excel
B8: OBJECTIVE: Analyze academic assessment data and calculate course outcome attainment to support academic monitoring and continuous improvement.
B11: TOOLS: Microsoft Excel
B13: KEY ANALYSIS: • Assessment data analysis • Data validation • CO attainment calculation • CO-PO/PSO mapping • Target vs actual attainment • Internal and external assessment analysis • Dashboard reporting • Observation and action-taken analysis
B23: DATA PRIVACY: The public portfolio version uses anonymized/aggregated or synthetically recreated data. No personally identifiable student information is included.
B30: Programme Outcomes (POs)
A31: PO1 | B31: Basic and Discipline specific knowledge: Apply knowledge of basic mathematics, science and engineering fundamentals and engineering specialization to solve the engineering problems. Basic and Discipline specific knowledge: Apply knowledge of basic mathematics, science and engineering fundamentals and engineering specialization to solve the engineering problems. Basic and Discipline specific knowledge: Apply knowledge of basic mathematics, science and engineering fundamentals and engineering specialization to solve the engineering problems.
A32: PO2 | B32: Problem analysis: Identify and analyse well-defined engineering problems using codified standard methods.
A33: PO3 | B33: Design/ development of solutions: Design solutions for well-defined technical problems and assist with the design of systems components or processes to meet specified needs.
A34: PO4 | B34: Engineering Tools, Experimentation and Testing: Apply modern engineering tools and appropriate technique to conduct standard tests and measurements.
A35: PO5 | B35: Engineering practices for society, sustainability and environment: Apply appropriate technology in context of society, sustainability, environment and ethical practices.
A36: PO6 | B36: Project Management: Use engineering management principles individually, as a team member or a leader to manage projects and effectively communicate about well-defined engineering activities.
A37: PO7 | B37: Life-long learning: Ability to analyse individual needs and engage in updating in the context of technological changes.
B39: Programme Specific Outcomes (PSOs)
A40: PSO1 | B40: Computer Software and Hardware Usage: Use state- of- the- art of technologies for opeartion and application of computer software and hardware .
A41: PSO2 | B41: Computer Engineering Maintenance: Maintain Computer Enginnering related software and hardware systems.

Sheet Teaching and Evaluation Scheme
B3: Department of Computer Engineering
B4: Academic Year-2022-23
B6: F.Y. Diploma (Computer Engineering) Semester-II
B7: Course Name:-Applied Mathematics (22224)
B8: Course Code:-22224
B9: Teaching Scheme: 4Hrs/ Week Tutorial : 2 Hrs/ Week
B10: Examination Scheme: TH-PA-30 Marks TH-ESE-70Marks
B12: CO number and CO statements
B13: At the end of course, students will able to
B14: 22224.1 - Calculate the equation of tangent ,maxima,minima,radius of curvature by differentiation
B15: 22224.2 - Solve the given problems of integration using suitable method
B16: 22224.3 - Apply the concept of integration to find area and volume
... B18: 22224.5 - Apply numerical methods to solve program specific problems
D19: =CONCATENATE(A19,B19)

Sheet CO_PO_Matrix
B4: Course: Applied Mathematics Course Code:- 22224 (Sem II 2022-23), CO-PO Mapping Justification
E8: CO-PO Target Matrix
B10: CO | C10: PO | D10: 1 | E10: 2 | F10: 3 | G10: 4 | H10: 5 | I10: 6 | J10: 7 | K10: PSO1 | L10: PSO2 | T10: Contact hours | X10: Assessment Tools | Z10: Assessment Types
B11: 22224.1 | D11: © | E11: © | F11: © | G11: © | I11: © | J11: © | K11: © | T11: <5% No mapping | X11: 0 | Y11: No mapping | Z11: 0 | AA11: No mapping
B12: 22224.2 | D12: © | E12: © | H12: © | J12: © | K12: © | T12: Level1- 5 To 15% | X12: 1 to 2 | Y12: 1 | Z12: 1 | AA12: 1
B13: 22224.3 | D13: © | E13: © | H13: © | J13: © | K13: © | T13: level2- Above 15 To 25% | X13: 3 | Y13: 2 | Z13: 2 | AA13: 2
B14: 22224.4 | D14: © | E14: © | F14: © | G14: © | H14: © | I14: © | J14: © | K14: © | T14: Level 3- >25% | X14: 4or more | Y14: 3 | Z14: above 3 | AA14: 3
B15: 22224.5 | D15: © | E15: © | F15: © | G15: © | H15: © | I15: © | J15: © | K15: ©
T17: Assessment Tools = CT ,CES,MPR | Z17: Assessment type = TH-ESE
A18: PO1 | B18: Basic and Discipline specific knowledge
S19: Lec: 4hrs per week | U19: Tutorial: 02 hrs per week | AA19: Total hrs:64+32=96
A20: BTL | B20: CO | C20: Course Coutcome | K20: Contact Hours | L20: Level | M20: Assessment Tools | N20: Level | O20: Assessment Type | P20: Level | Q20: PO1
A21: L3 | B21: 22224.1 | C21: Calculate the equation of tangent ,maxima,minima,radius of curvature by differentiation | K21: 0.3125 | L21: 3 | M21: 3 | N21: 2 | O21: 1 | P21: 1 | Q21: =AVERAGE(L21,N21,P21) -> 2 | S21: For CO 22224.1 Total lec 20+ Tut=10hrs, Total =30 Contact hrs in %=(30/96)*100=31.25%
A22: L3 | B22: 22224.2 | C22: Solve the given problems of integration using suitable method | K22: 0.2083 | L22: 2 | M22: 3 | N22: 2 | O22: 1 | P22: 1 | Q22: =AVERAGE(L22,N22,P22) -> 1.6666667 | S22: For CO 22224.2 Total lec 14 + Tut=06hrs, Total=20 Contact hrs in %=(24/96)*100=20.83%
A23: L3 | B23: 22224.3 | C23: Apply the concept of integration to find area and volume | K23: 0.1458 | L23: 1 | M23: 3 | N23: 2 | O23: 1 | P23: 1 | Q23: =AVERAGE(L23,N23,P23) -> 1.3333333 | S23: For CO 22224.3 Total lec 10 + Tut=04 hrs, Total=14 Contact hrs in %=(12/96)*100=14.58%
A24: L3 | B24: 22224.4 | C24: Solve the differential equation of first order and firs degree using suitable methods | K24: 0.1458 | L24: 1 | M24: 3 | N24: 2 | O24: 1 | P24: 1 | Q24: =AVERAGE(L24,N24,P24) -> 1.3333333 | S24: For CO 22224.4 Total lec 08 + Tut=06hrs, Total=14 Contact hrs in %=(14/96)*100=14.58%
A25: L3 | B25: 22224.5 | C25: Apply numerical methods to solve program specific problems | K25: 0.1875 | L25: 2 | M25: 3 | N25: 2 | O25: 1 | P25: 1 | Q25: =AVERAGE(L25,N25,P25) -> 1.6666667 | S25: For CO 22224.5 Total lec 12 + Tut=06hrs, Total=18 Contact hrs in %=(16/96)*100=18.75%
A27: PO2 | B27: Problem analysis
A29: BTL | B29: CO | C29: Course Coutcome | K29: Contact Hours | L29: Level | M29: Assessment Tools | N29: Level | O29: Assessment Type | P29: Level | Q29: PO2
A30: L3 | B30: 22224.1 | C30: Calculate the equation of tangent ,maxima,minima,radius of curvature by differentiation | K30: 0.3125 | L30: 3 | M30: 3 | N30: 2 | O30: 1 | P30: 1 | Q30: =AVERAGE(L30,N30,P30) -> 2
A31: L3 | B31: 22224.2 | C31: Solve the given problems of integration using suitable method | K31: 0.2083 | L31: 2 | M31: 3 | N31: 2 | O31: 1 | P31: 1 | Q31: =AVERAGE(L31,N31,P31) -> 1.6666667
A32: L3 | B32: 22224.3 | C32: Apply the concept of integration to find area and volume | K32: 0.1458 | L32: 1 | M32: 3 | N32: 2 | O32: 1 | P32: 1 | Q32: =AVERAGE(L32,N32,P32) -> 1.3333333
A33: L3 | B33: 22224.4 | C33: Solve the differential equation of first order and firs degree using suitable methods | K33: 0.1458 | L33: 1 | M33: 3 | N33: 2 | O33: 1 | P33: 1 | Q33: =AVERAGE(L33,N33,P33) -> 1.3333333
A34: L3 | B34: 22224.5 | C34: Apply numerical methods to solve program specific problems | K34: 0.1875 | L34: 2 | M34: 3 | N34: 2 | O34: 1 | P34: 1 | Q34: =AVERAGE(L34,N34,P34) -> 1.6666667
A36: PO3 Design/ development of solutions
A38: BTL | B38: Course Coutcome (Engineering Physics Theory) | K38: Contact Hours | L38: Level | M38: Assessment Tools | N38: Level | O38: Assessment Type | P38: Level | Q38: PO3
A39: L3 | B39: 22224.1 | C39: Calculate the equation of tangent ,maxima,minima,radius of curvature by differentiation | K39: 0.3125 | L39: 3 | M39: 3 | N39: 2 | O39: 1 | P39: 1 | Q39: =AVERAGE(L39,N39,P39) -> 2
A40: L3 | B40: 22224.2 | C40: Solve the given problems of integration using suitable method
A41: L3 | B41: 22224.3 | C41: Apply the concept of integration to find area and volume
A42: L3 | B42: 22224.4 | C42: Solve the differential equation of first order and firs degree using suitable methods | K42: 0.1458 | L42: 1 | M42: 3 | N42: 2 | O42: 1 | P42: 1 | Q42: =AVERAGE(L42,N42,P42) -> 1.3333333
A43: L3 | B43: 22224.5 | C43: Apply numerical methods to solve program specific problems | K43: 0.1875 | L43: 2 | M43: 3 | N43: 2 | O43: 1 | P43: 1 | Q43: =AVERAGE(L43,N43,P43) -> 1.6666667
A45: PO4 Engineering Tools, Experimentation and Testing
A47: BTL | B47: Course Coutcome (Engineering Physics Theory) | K47: Contact Hours | L47: Level | M47: Assessment Tools | N47: Level | O47: Assessment Type | P47: Level | Q47: PO4
A48: L3 | B48: 22224.1 | C48: Calculate the equation of tangent ,maxima,minima,radius of curvature by differentiation | K48: 0.3125 | L48: 3 | M48: 3 | N48: 2 | O48: 1 | P48: 1 | Q48: =AVERAGE(L48,N48,P48) -> 2
A49: L3 | B49: 22224.2 | C49: Solve the given problems of integration using suitable method
A50: L3 | B50: 22224.3 | C50: Apply the concept of integration to find area and volume
A51: L3 | B51: 22224.4 | C51: Solve the differential equation of first order and firs degree using suitable methods | K51: 0.1458 | L51: 1 | M51: 3 | N51: 2 | O51: 1 | P51: 1 | Q51: =AVERAGE(L51,N51,P51) -> 1.3333333
A52: L3 | B52: 22224.5 | C52: Apply numerical methods to solve program specific problems | K52: 0.1875 | L52: 2 | M52: 3 | N52: 2 | O52: 1 | P52: 1 | Q52: =AVERAGE(L52,N52,P52) -> 1.6666667
A54: PO5 Engineering practices for society, sustainability and environment
A56: BTL | B56: Course Coutcome (Engineering Physics Theory) | K56: Contact Hours | L56: Level | M56: Assessment Tools | N56: Level | O56: Assessment Type | P56: Level | Q56: PO5
A57: L3 | B57: 22224.1 | C57: Calculate the equation of tangent ,maxima,minima,radius of curvature by differentiation
A58: L3 | B58: 22224.2 | C58: Solve the given problems of integration using suitable method | K58: 0.2083 | L58: 2 | M58: 3 | N58: 2 | O58: 1 | P58: 1 | Q58: =AVERAGE(L58,N58,P58) -> 1.6666667
A59: L3 | B59: 22224.3 | C59: Apply the concept of integration to find area and volume | K59: 0.1458 | L59: 1 | M59: 3 | N59: 2 | O59: 1 | P59: 1 | Q59: =AVERAGE(L59,N59,P59) -> 1.3333333
A60: L3 | B60: 22224.4 | C60: Solve the differential equation of first order and firs degree using suitable methods | K60: 0.1458 | L60: 1 | M60: 3 | N60: 2 | O60: 1 | P60: 1 | Q60: =AVERAGE(L60,N60,P60) -> 1.3333333
A61: L3 | B61: 22224.5 | C61: Apply numerical methods to solve program specific problems | K61: 0.1875 | L61: 2 | M61: 3 | N61: 2 | O61: 1 | P61: 1 | Q61: =AVERAGE(L61,N61,P61) -> 1.6666667
A63: PO6 Project Management
A65: BTL | B65: Course Coutcome (Engineering Physics Theory) | K65: Contact Hours | L65: Level | M65: Assessment Tools | N65: Level | O65: Assessment Type | P65: Level | Q65: PO6
A66: L3 | B66: 22224.1 | C66: Calculate the equation of tangent ,maxima,minima,radius of curvature by differentiation | K66: 0.3125 | L66: 3 | M66: 3 | N66: 2 | O66: 1 | P66: 1 | Q66: =AVERAGE(L66,N66,P66) -> 2
A67: L3 | B67: 22224.2 | C67: Solve the given problems of integration using suitable method
A68: L3 | B68: 22224.3 | C68: Apply the concept of integration to find area and volume
A69: L3 | B69: 22224.4 | C69: Solve the differential equation of first order and firs degree using suitable methods | K69: 0.1458 | L69: 1 | M69: 3 | N69: 2 | O69: 1 | P69: 1 | Q69: =AVERAGE(L69,N69,P69) -> 1.3333333
A70: L3 | B70: 22224.5 | C70: Apply numerical methods to solve program specific problems | K70: 0.1875 | L70: 1 | M70: 3 | N70: 2 | O70: 1 | P70: 1 | Q70: =AVERAGE(L70,N70,P70) -> 1.3333333
A73: PO7 Life long learning
A75: BTL | B75: Course Coutcome (Engineering Physics Theory) | K75: Contact Hours | L75: Level | M75: Assessment Tools | N75: Level | O75: Assessment Type | P75: Level | Q75: PO7
A76: L3 | B76: 22224.1 | C76: Calculate the equation of tangent ,maxima,minima,radius of curvature by differentiation | K76: 0 | M76: 1 | N76: 1 | Q76: 1
A77: L3 | B77: 22224.2 | C77: Solve the given problems of integration using suitable method | K77: 0 | M77: 1 | N77: 1 | Q77: 1
A78: L3 | B78: 22224.3 | C78: Apply the concept of integration to find area and volume | K78: 0 | M78: 1 | N78: 1 | Q78: 1
A79: L3 | B79: 22224.4 | C79: Solve the differential equation of first order and firs degree using suitable methods | K79: 0 | M79: 1 | N79: 1 | Q79: 1
A80: L3 | B80: 22224.5 | C80: Apply numerical methods to solve program specific problems | K80: 0 | M80: 1 | N80: 1 | Q80: 1
A83: PSO1 | B83: Computer Software and Hardware Usage:
A85: BTL | B85: Course Coutcome (Engineering Physics Theory) | K85: Contact Hours | L85: Level | M85: Assessment Tools | N85: Level | O85: Assessment Type | P85: Level | Q85: PSO1
A86: L3 | B86: 22224.1 | C86: Calculate the equation of tangent ,maxima,minima,radius of curvature by differentiation | K86: 0 | Q86: 1
A87: L3 | B87: 22224.2 | C87: Solve the given problems of integration using suitable method | K87: 0 | Q87: 1
A88: L3 | B88: 22224.3 | C88: Apply the concept of integration to find area and volume | K88: 0 | Q88: 1
A89: L3 | B89: 22224.4 | C89: Solve the differential equation of first order and firs degree using suitable methods | K89: 0 | Q89: 1
A90: L3 | B90: 22224.5 | C90: Apply numerical methods to solve program specific problems | K90: 0 | Q90: 1
E96: CO-PO Target Matrix | Q96: CO-PO Target Matrix
B98: CO | C98: PO | D98: 1 | E98: 2 | F98: 3 | G98: 4 | H98: 5 | I98: 6 | J98: 7 | K98: PSO1 | L98: PSO2 | N98: CO | O98: PO | P98: 1 | Q98: 2 | R98: 3 | S98: 4 | T98: 5 | U98: 6 | V98: 7 | W98: PSO1 | X98: PSO2
B99: 22224.1 | D99: 2 | E99: 2 | F99: 2 | G99: 2 | I99: 2 | J99: 1 | K99: 1 | N99: 22224.1 | P99: © | Q99: © | R99: © | S99: © | U99: © | V99: © | W99: ©
B100: 22224.2 | D100: 1.6666667 | E100: 1.6666667 | H100: 1.6666667 | J100: 1 | K100: 1 | N100: 22224.2 | P100: © | Q100: © | T100: © | V100: © | W100: ©
B101: 22224.3 | D101: 1.3333333 | E101: 1.3333333 | H101: 1.3333333 | J101: 1 | K101: 1 | N101: 22224.3 | P101: © | Q101: © | T101: © | V101: © | W101: ©
B102: 22224.4 | D102: 1.3333333 | E102: 1.3333333 | F102: 1.3333333 | G102: 1.3333333 | H102: 1.3333333 | I102: 1.3333333 | J102: 1 | K102: 1 | N102: 22224.4 | P102: © | Q102: © | R102: © | S102: © | T102: © | U102: © | V102: © | W102: ©
B103: 22224.5 | D103: 1.6666667 | E103: 1.6666667 | F103: 1.6666667 | G103: 1.6666667 | H103: 1.6666667 | I103: 1.3333333 | J103: 1 | K103: 1 | N103: 22224.5 | P103: © | Q103: © | R103: © | S103: © | T103: © | U103: © | V103: © | W103: ©
B104: TARGET | D104: =AVERAGE(D99:D103) -> 1.6 | E104: =AVERAGE(E99:E103) -> 1.6 | F104: =AVERAGE(F99:F103) -> 1.6666667 | G104: =AVERAGE(G99:G103) -> 1.6666667 | H104: =AVERAGE(H99:H103) -> 1.5 | I104: =AVERAGE(I99:I103) -> 1.5555556 | J104: =AVERAGE(J99:J103) -> 1 | K104: =AVERAGE(K99:K103) -> 1

Sheet CO_PO_Mapping
U1: Dr. D. Y. PATIL POLYTECHNIC, KOLHAPUR
U2: Department of ------------------ Engineering
A3: A.Y | B3: 2022-23 | D3: Class and Div | F3: FY | G3: C,D,E | H3: Faculty | I3: Ms. S.S.Patil | U3: A.Y | V3: 2023-24 | AB3: Class and Div | AG3: Faculty
A4: Course code | C4: 22224 | D4: Course | E4: AMI | U4: course code | AB4: Course
A5: CO-PO/PSO Mapping | U5: CO-PO/PSO Mapping
M6: Final Attinment= ((0.6 of IAA)+(0.4 EA)) | U6: CO | V6: PO | AJ6: PSO
A7: CO | B7: PO | I7: PSO | V7: 1 | W7: 2 | X7: 3 | AA7: 4 | AB7: 5 | AC7: 6 | AD7: 7 | AJ7: 1 | AK7: 2
B8: 1 | C8: 2 | D8: 3 | E8: 4 | F8: 5 | G8: 6 | H8: 7 | I8: 1 | J8: 2 | M8: Tool | N8: Detail | O8: Weightages | P8: Criteria | U8: C403.1 | AP8: Tool | AQ8: Detail | AR8: Weightages | AS8: Criteria
A9: 22224.1 | B9: 2 | C9: 2 | D9: 2 | E9: 2 | G9: 2 | H9: 1 | I9: 1 | M9: CT1 | N9: Class Test 1 | O9: 0.4 | P9: Internal Assessment(IAA) | U9: C403.2 | AP9: MT | AQ9: Mid Term Test | AR9: 0.15 | AS9: Internal Assessment(IA)
A10: 22224.2 | B10: 1.6666667 | C10: 1.6666667 | F10: 1.6666667 | H10: 1 | I10: 1 | M10: CT2 | N10: Class Test 2 | O10: 0.4 | U10: C403.3 | AP10: ET | AQ10: End Term Test | AR10: 0.15
A11: 22224.3 | B11: 1.3333333 | C11: 1.3333333 | F11: 1.3333333 | H11: 1 | I11: 1 | M11: MP | N11: Microproject | O11: 0.1 | U11: C403.4 | AP11: TW | AQ11: Termwork | AR11: 0.25
A12: 22224.4 | B12: 1.3333333 | C12: 1.3333333 | D12: 1.3333333 | E12: 1.3333333 | F12: 1.3333333 | G12: 1.3333333 | H12: 1 | I12: 1 | M12: CES | N12: Course Exit Survey | O12: 0.1 | U12: C403.5 | AP12: CE | AQ12: Course Exit Survey | AR12: 0.05
A13: 22224.5 | B13: 1.6666667 | C13: 1.6666667 | D13: 1.6666667 | E13: 1.6666667 | F13: 1.6666667 | G13: 1.3333333 | H13: 1 | I13: 1 | U13: C403.6
M14: ESE-TH | N14: End Sem. Exam | O14: 1 | P14: External Assessment(EAA) | U14: =V4 -> 0 | V14: =IF(SUM(V8:V13)=0,"-",AVERAGE(V8:V13)) -> - | W14: =IF(SUM(W8:W13)=0,"-",AVERAGE(W8:W13)) -> - | X14: =IF(SUM(X8:X13)=0,"-",AVERAGE(X8:X13)) -> - | AA14: =IF(SUM(AA8:AA13)=0,"-",AVERAGE(AA8:AA13)) -> - | AB14: =IF(SUM(AB8:AB13)=0,"-",AVERAGE(AB8:AB13)) -> - | AC14: =IF(SUM(AC8:AC13)=0,"-",AVERAGE(AC8:AC13)) -> - | AD14: =IF(SUM(AD8:AD13)=0,"-",AVERAGE(AD8:AD13)) -> - | AE14: =IF(SUM(AE8:AE13)=0,"-",AVERAGE(AE8:AE13)) -> - | AF14: =IF(SUM(AF8:AF13)=0,"-",AVERAGE(AF8:AF13)) -> - | AG14: =IF(SUM(AG8:AG13)=0,"-",AVERAGE(AG8:AG13)) -> - | AH14: =IF(SUM(AH8:AH13)=0,"-",AVERAGE(AH8:AH13)) -> - | ... AK14: =IF(SUM(AK8:AK13)=0,"-",AVERAGE(AK8:AK13)) -> - | AP14: ESE | AQ14: End Sem. Exam | AR14: 0.4 | AS14: External Assessment(EA)
B15: =IF(SUM(B9:B13)=0,"-",AVERAGE(B9:B13)) -> 1.6 | C15: =IF(SUM(C9:C13)=0,"-",AVERAGE(C9:C13)) -> 1.6 | D15: =IF(SUM(D9:D13)=0,"-",AVERAGE(D9:D13)) -> 1.6666667 | E15: =IF(SUM(E9:E13)=0,"-",AVERAGE(E9:E13)) -> 1.6666667 | F15: =IF(SUM(F9:F13)=0,"-",AVERAGE(F9:F13)) -> 1.5 | G15: =IF(SUM(G9:G13)=0,"-",AVERAGE(G9:G13)) -> 1.5555556 | H15: =IF(SUM(H9:H13)=0,"-",AVERAGE(H9:H13)) -> 1 | I15: =IF(SUM(I9:I13)=0,"-",AVERAGE(I9:I13)) -> 1 | M15: ESE-PR | U15: CO Assessment tools | AP15: OE | AQ15: Oral Exam | AR15: 0
A16: CO Assessment tools | U16: CO | V16: INTERNAL | AH16: 60 | AI16: EXTERNAL | AL16: 40 | AM16: TOTAL
V17: Direct (based on marks) | AA17: INDIRECT (based on rubric) | AI17: Equal weight to all CO
A18: CO | B18: INTERNAL | G18: EXTERNAL | K18: TOTAL | M18: Sr. No. | N18: Academic Year | O18: % Result | P18: Avg. Marks | Q18: Average Result | R18: Average Marks | AP18: Sr. No. | AQ18: Academic Year | AR18: % Result | AS18: Avg. Marks | AT18: Average Result | AU18: Average Marks
B19: Direct (based on marks) | G19: Equal weight to all CO | M19: 1 | N19: 2021-22 | O19: 45.93 | P19: 41.718519 | V19: CT1 | W19: CT2 | X19: MP | Y19: TW | Z19: CES | AG19: TW | AH19: CE | AI19: UE | AJ19: OE | AP19: 1 | AQ19: 2021-22 | AR19: 100 | AS19: 83.32 | AT19: 93.35 | AU19: 72.8
B20: CT1 | C20: CT2 | D20: MP | F20: CES | G20: ESE-TH | M20: 2 | N20: 2020-21 | O20: 88.392857 | P20: 54.357143 | Q20: =AVERAGE(O19:O20:O21) -> 78.107619 | R20: =AVERAGE(P19:P20:P21) -> 55.87261 | U20: =U9 -> C403.2 | V20: Y | AG20: Y | AH20: Y | AI20: Y | AM20: 100 | AP20: 3 | AQ20: 2019-20 | AR20: 80.07 | AS20: 40
A21: 22224.1 | B21: Y | D21: Y | F21: Y | G21: Y | K21: 100 | M21: 3 | N21: 2019-20 | O21: 100 | P21: 71.542169 | U21: =U10 -> C403.3 | V21: Y | AG21: Y | AH21: Y | AI21: Y | AM21: 100
A22: 22224.2 | C22: Y | D22: Y | F22: Y | G22: Y | K22: 100 | U22: =U11 -> C403.4 | W22: Y | AG22: Y | AH22: Y | AI22: Y | AM22: 100
A23: 22224.3 | C23: Y | D23: Y | F23: Y | G23: Y | K23: 100 | U23: =U12 -> C403.5 | W23: Y | AG23: Y | AH23: Y | AI23: Y | AM23: 100
A24: 22224.4 | C24: Y | D24: Y | F24: Y | G24: Y | K24: 100 | U24: =U13 -> C403.6 | W24: Y | AG24: Y | AH24: Y | AI24: Y | AM24: 100
A25: 22224.5 | B25: Y | D25: Y | F25: Y | G25: Y | K25: 100
U26: Attainment levels | AF26: 1. In academic year 2020-21, 2021-22 the average marks of each student were drastically increased due to online mode final university examination.
U27: Level 1 | V27: 0.4 | W27: students will score more than | AC27: 0.45 | AD27: Marks
A28: Attainment levels | L28: Remark for Threshold / Benchmark setting- because of online examination in AY 2021-2022 and 2020-2021,result shows | U28: Level 2 | V28: 0.5 | W28: students will score more than | AC28: 0.45 | AD28: Marks | AF28: 2. Similarly the average marks for academic year 2019-20 is 40%. Therefore, this academic year the target for this course is set to 45%.
A29: Level 1 | B29: 0.4 | C29: students will score more than | I29: 0.5 | J29: Marks | U29: Level 3 | V29: 0.6 | W29: students will score more than | AC29: 0.45 | AD29: Marks
A30: Level 2 | B30: 0.5 | C30: students will score more than | I30: 0.5 | J30: Marks
A31: Level 3 | B31: 0.6 | C31: students will score more than | I31: 0.5 | J31: Marks
U32: CO | V32: Statements | AL32: BTL
A33: CO No. | B33: CO-Statements | I33: BTL | U33: =#REF! -> #REF! | V33: Elaborate the fundamental concepts of Finite Element method. | AL33: L2-Understand
A34: 22224.1 | B34: Calculate the equation of tangent ,maxima,minima,radius of curvature by differentiation | I34: L1,L2,L3 | U34: =U20 -> C403.2 | V34: Understand the key concepts like Shape function, element stiffness and boundary conditions by finite element formulations for 1D problem. | AL34: L3-Apply,L4- Analyze
A35: 22224.2 | B35: Solve the given problems of integration using suitable method | I35: L1,L2,L3 | U35: =U21 -> C403.3 | V35: Apply the finite element formulations for two dimensional problems using constant strain triangle. | AL35: L3-Apply,L4- Analyze
A36: 22224.3 | B36: Apply the concept of integration to find area and volume | I36: L1,L2,L3 | U36: =U22 -> C403.4 | V36: Demonstrate the modeling aspects of axisymmetric solids subjected to axisymmetric loading. | AL36: L3-Apply,L4- Analyze
A37: 22224.4 | B37: Solve the differential equation of first order and firs degree using suitable methods | I37: L1,L2,L3 | U37: =U23 -> C403.5 | V37: Apply the finite element formulations for Planer Trusses using 1D element. | AL37: L3-Apply,L4- Analyze
A38: 22224.5 | B38: Apply numerical methods to solve program specific problems | I38: L1,L2,L3 | U38: C403.6 | V38: Solve Scalar field problems by Finite element formulation. | AL38: L3-Apply,L4- Analyze
U45: Course Incharge | AF45: Program Coordinator | AQ45: H.o.D.

Sheet Rubrics
A2: Rubric for Termwork out of 25 Marks
A4: Criteria | B4: Performance Levels
B5: 13-15 marks | C5: 09-12 marks | D5: 04-08 marks | E5: 01-03 mark
A6: Lab Performance | B6: ü Able to understand and perform the analysis using the software. | C6: ü Partly able to understandand perform the analysis using the software. | D6: ü Rarely able to give contribution during lab performance. | E6: ü Never able to contribute for lab Performances.
A7: (15 Marks) | B7: ü Able to understand theoretical concept related to the problem statement. | C7: ü Partly able to understand theoretical concept related to the problem statement. | D7: ü Not able to complete assignment / write up submission within stipulated time. | E7: ü Require instructor help to write assignment/ journal
B8: ü Able to complete and submit assignment/journal write up within stipulated time. | C8: ü The assignment / Write up submission is not within stipulated time. | E8: ü Not able to complete assignment till final deadline of submission.
B9: 07-10 marks | C9: 05-06 marks | D9: 02-04 marks | E9: 01 mark
A10: Oral | B10: ü Able to give all answers to questions confidently. | C10: ü Able to ask and Clear Doubts. | D10: ü Incorrect answers to questions and Confused. | E10: ü Lack of knowledge of relevant questions
A11: (10 Marks) | B11: ü Able to interpret proper data to reach conclusion | C11: ü Partially give answers to questions and | D11: ü Incorrect interpretation of data to reach conclusion. | E11: ü Lack of interpretation of data
C12: ü Partially able to interpret data to reach conclusion. | E12: ü Don’t understand questions properly
A14: Rubric for PO5 Assessment
A15: Category No | B15: Category | C15: Level of Performance
C16: 4 to 5 | D16: 2 to 3 | E16: 1-0
A17: 1 | B17: Apply FE software to solve the problem | C17: 1.fully able to apply the software to solve the problem and able to explain. 2.Able to explain interpretation of results. | D17: 1.Partially able to apply the software to solve the problem andpartially able to explain 2.Partially able to explain interpretation of results. | E17: 1.unable to apply the software to solve the problem and unable to explain 2.unble to explain interpretation of results.
A20: Rubric for PO6 Assessment
A21: Category No | B21: Category | C21: Level of Performance
C22: 4 to 5 | D22: 2 to 3 | E22: 1-0
A23: 1 | B23: Able to apply resoning to assess safety of the components. | C23: 1.fully able to apply resoning to assess safety of the components. 2.Able to explain interpretation of results. | D23: 1.Partially able to resoning to assess safety of the components. 2.Partially able to explain interpretation of results. | E23: 1.unable to apply resoning to assess safety of the components. 2.unble to explain interpretation of results.
A25: Rubric for PO9 Assessment
A27: Category No | B27: Category | C27: Level of Performance
C28: 4 to 5 | D28: 2 to 3 | E28: 1-0
A29: 1 | B29: Group Leader | C29: Seeks opportunities to lead; leading is attentive to each member | D29: Will take lead if group insists; not good at being attentive to each member | E29: Resists taking on leadership role; in leading allows uneven contributions
A30: 2 | B30: Contribution | C30: Always contributes ; quality of contributions is exceptional | D30: Sometimes contributes; quality of contributions is fair | E30: Rarely contributes; contributions are often peripheral or irrelevant; frequently misses team sessions
A31: 3 | B31: Cooperation | C31: Always cooperative with all members, support good initiatives | D31: cooperative with members, but sometimes argue | E31: cooperative with few members, and argue most of time
A33: Rubric for PO10 Assessment
A34: Category No | B34: Category | C34: Level of Performance
C35: 4 to 5 | D35: 2 to 3 | E35: 1-0
A36: 1 | B36: Oral Communication ,Delivery & Speaking Skills | C36: Clear voice and correct pronunciation of terms. Good eye contact. | D36: Most words pronounced correctly. Some eye contact, | E36: Occasional mispronunciation of terms. Little eye contact, only littleexpression.
A37: 2 | B37: Written Communication Organization & Style | C37: presented in a logical, interesting way, which is easy to follow. Purpose is clearly stated and explains the structure of work. | D37: Information is presented in a logical manner, which is easily followed. Purpose of work is clearly stated and assists the structure of work . | E37: Work is hard to follow as there is very little continuity. Purpose of work is stated, but does not assist in following work.
A38: 3 | B38: Written Communication Spelling & Grammar | C38: Negligible misspelling sand/or grammatical errors. | D38: Minor misspellings and/or grammatical errors. | E38: Several spelling and grammatical errors.

Sheet RAW
A2: Course | B2: =CONCATENATE(CO_PO_Mapping!V4,"-",CO_PO_Mapping!AD4) -> -
A3: Assessment Tools | B3: MT | E3: ET | H3: CE | N3: UE | O3: TW
A4: CO Mapped | B4: C403.1 | C4: C403.2 | D4: C403.3 | E4: C403.4 | F4: C403.5 | G4: C403.6 | H4: =CO_PO_Mapping!#REF! -> #REF! | I4: =CO_PO_Mapping!U20 -> C403.2 | J4: =CO_PO_Mapping!U21 -> C403.3 | K4: =CO_PO_Mapping!U22 -> C403.4 | L4: =CO_PO_Mapping!U23 -> C403.5 | M4: C403.6 | N4: ALL CO | O4: ALL CO
A5: Maximum marks | B5: 8 | C5: 18 | D5: 4 | E5: 8 | F5: 10 | G5: 12 | H5: 5 | I5: 5 | J5: 5 | K5: 5 | L5: 5 | M5: 5 | N5: 70 | O5: 25
A6: TARGET | B6: 0.45 | C6: 0.45 | D6: 0.45 | E6: 0.45 | F6: 0.45 | G6: 0.45 | H6: 0.45 | I6: 0.45 | J6: 0.45 | K6: 0.45 | L6: 0.45 | M6: 0.45 | N6: 0.45 | O6: 0.45
A7: Target(threshold) marks | B7: =B6*B5 -> 3.6 | C7: =C6*C5 -> 8.1 | D7: =D6*D5 -> 1.8 | E7: =E6*E5 -> 3.6 | F7: =F6*F5 -> 4.5 | G7: =G6*G5 -> 5.4 | H7: =H6*H5 -> 2.25 | I7: =I6*I5 -> 2.25 | ... O7: =O6*O5 -> 11.25
A8: Final target | B8: 4 | C8: 8 | D8: 2 | E8: 4 | F8: 4 | G8: 5 | H8: =MAX(H7:H7)-0.00001 -> 2.24999 | I8: =MAX(I7:I7)-0.00001 -> 2.24999 | J8: =MAX(J7:J7)-0.00001 -> 2.24999 | K8: =MAX(K7:K7)-0.00001 -> 2.24999 | L8: =MAX(L7:L7)-0.00001 -> 2.24999 | M8: =MAX(M7:M7)-0.00001 -> 2.24999 | N8: =MAX(N7:N7)-0.00001 -> 31.49999 | O8: =MAX(O7:O7)-0.00001 -> 11.24999
A9: No of Students appered for CO | B9: =COUNT(B13:B87) -> 75 | C9: =COUNT(C13:C87) -> 75 | D9: =COUNT(D13:D87) -> 51 | E9: =COUNT(E13:E87) -> 32 | F9: =COUNT(F13:F87) -> 65 | G9: =COUNT(G13:G87) -> 40 | H9: =COUNT(H13:H87) -> 62 | I9: =COUNT(I13:I87) -> 62 | ... O9: =COUNT(O13:O87) -> 75
A10: No. of Students > target | B10: =COUNTIF(B13:B87,">=4") -> 13 | C10: =COUNTIF(C13:C87,">=8") -> 31 | D10: =COUNTIF(D13:D87,">=2") -> 43 | E10: =COUNTIF(E13:E87,">=4") -> 23 | F10: =COUNTIF(F13:F87,">=4") -> 50 | G10: =COUNTIF(G13:G87,">=5") -> 17 | H10: =COUNTIF(H13:H87,">=2") -> 62 | I10: =COUNTIF(I13:I87,">=2") -> 62 | J10: =COUNTIF(J13:J87,">=2") -> 62 | K10: =COUNTIF(K13:K87,">=2") -> 62 | L10: =COUNTIF(L13:L87,">=2") -> 62 | M10: =COUNTIF(M13:M87,">=2") -> 62 | N10: =COUNTIF(N13:N87,">=31") -> 30 | O10: =COUNTIF(O13:O87,">=11") -> 75
A11: % Students > target | B11: =B10/B9 -> 0.17333333 | C11: =C10/C9 -> 0.41333333 | D11: =D10/D9 -> 0.84313725 | E11: =E10/E9 -> 0.71875 | F11: =F10/F9 -> 0.76923077 | G11: =G10/G9 -> 0.425 | H11: =H10/H9 -> 1 | I11: =I10/I9 -> 1 | ... O11: =O10/O9 -> 1
A12: Attainement | B12: 0 | C12: 1 | D12: 3 | E12: 3 | F12: 3 | G12: 1 | H12: 3 | I12: 3 | J12: 3 | K12: 3 | L12: 3 | M12: 3 | N12: 1 | O12: 3
A13: 1 | B13: 0 | C13: 5 | D13: 2 | E13: 8 | F13: 4 | H13: 5 | I13: 4 | J13: 4 | K13: 5 | L13: 5 | M13: 5 | N13: 38 | O13: 19
A14: 2 | B14: 0 | C14: 5 | D14: 4 | E14: 8 | F14: 4 | H14: 5 | I14: 4 | J14: 4 | K14: 5 | L14: 5 | M14: 5 | N14: 32 | O14: 18
A15: 3 | B15: 0 | C15: 10 | D15: 4 | E15: 8 | F15: 4 | H15: 5 | I15: 4 | J15: 5 | K15: 4 | L15: 5 | M15: 5 | N15: 28 | O15: 22
A16: 4 | B16: 0 | C16: 10 | D16: 4 | E16: 4 | F16: 4 | H16: 5 | I16: 5 | J16: 5 | K16: 5 | L16: 5 | M16: 4 | N16: 29 | O16: 21
A17: 5 | B17: 3 | C17: 10 | E17: 8 | F17: 4 | H17: 5 | I17: 5 | J17: 5 | K17: 5 | L17: 5 | M17: 5 | N17: 32 | O17: 22
A18: 6 | B18: 0 | C18: 0 | D18: 4 | F18: 10 | G18: 0 | H18: 5 | I18: 5 | J18: 5 | K18: 5 | L18: 5 | M18: 5 | N18: 38 | O18: 23
A19: 7 | B19: 0 | C19: 6 | D19: 2 | F19: 4 | G19: 2 | H19: 5 | I19: 4 | J19: 4 | K19: 5 | L19: 5 | M19: 5 | N19: 30 | O19: 22
A20: 8 | B20: 0 | C20: 6 | D20: 4 | E20: 8 | F20: 4 | G20: 2 | N20: 37 | O20: 22
A21: 9 | B21: 0 | C21: 6 | D21: 2 | F21: 2 | H21: 5 | I21: 5 | J21: 5 | K21: 4 | L21: 5 | M21: 4 | N21: 15 | O21: 14
A22: 10 | B22: 0 | C22: 6 | F22: 6 | H22: 5 | I22: 5 | J22: 5 | K22: 5 | L22: 5 | M22: 5 | N22: 31 | O22: 20
A23: 11 | B23: 0 | C23: 6 | F23: 6 | H23: 5 | I23: 5 | J23: 5 | K23: 4 | L23: 5 | M23: 4 | N23: 28 | O23: 19
A24: 12 | B24: 4 | C24: 10 | F24: 6 | G24: 0 | H24: 5 | I24: 5 | J24: 5 | K24: 5 | L24: 5 | M24: 5 | N24: 36 | O24: 16
A25: 13 | B25: 2 | C25: 14 | D25: 3 | F25: 4 | H25: 5 | I25: 5 | J25: 5 | K25: 5 | L25: 5 | M25: 5 | N25: 35 | O25: 11
A26: 14 | B26: 2 | C26: 10 | D26: 4 | E26: 8 | F26: 4 | G26: 2 | H26: 5 | I26: 5 | J26: 5 | K26: 5 | L26: 5 | M26: 5 | N26: 39 | O26: 21
A27: 15 | B27: 0 | C27: 17 | D27: 3 | E27: 8 | F27: 10 | G27: 1 | H27: 5 | I27: 5 | J27: 5 | K27: 4 | L27: 5 | M27: 5 | N27: 42 | O27: 22
A28: 16 | B28: 4 | C28: 18 | D28: 4 | H28: 5 | I28: 5 | J28: 5 | K28: 5 | L28: 5 | M28: 5 | N28: 32 | O28: 11
A29: 17 | B29: 2 | C29: 6 | D29: 3 | E29: 2 | F29: 4 | H29: 5 | I29: 5 | J29: 5 | K29: 5 | L29: 5 | M29: 5 | N29: 16 | O29: 17
A30: 18 | B30: 0 | C30: 0 | E30: 8 | F30: 4 | H30: 5 | I30: 5 | J30: 5 | K30: 5 | L30: 5 | M30: 5 | N30: 12 | O30: 14
A31: 19 | B31: 0 | C31: 10 | D31: 3 | E31: 8 | F31: 4 | H31: 5 | I31: 5 | J31: 4 | K31: 5 | L31: 5 | M31: 5 | N31: 0 | O31: 14
A32: 20 | B32: 3 | C32: 4 | F32: 10 | G32: 2 | H32: 5 | I32: 5 | J32: 5 | K32: 5 | L32: 4 | M32: 5 | N32: 38 | O32: 18
A33: 21 | B33: 1 | C33: 6 | D33: 3 | F33: 2 | G33: 6 | H33: 5 | I33: 5 | J33: 5 | K33: 5 | L33: 5 | M33: 5 | N33: 13 | O33: 15
A34: 22 | B34: 0 | C34: 6 | D34: 4 | F34: 0 | G34: 4 | H34: 5 | I34: 5 | J34: 5 | K34: 5 | L34: 5 | M34: 5 | N34: 13 | O34: 15
A35: 23 | B35: 4 | C35: 6 | D35: 3 | F35: 0 | G35: 12 | H35: 5 | I35: 5 | J35: 5 | K35: 5 | L35: 4 | M35: 5 | N35: 35 | O35: 21
A36: 24 | B36: 1 | C36: 12 | D36: 1 | F36: 6 | G36: 12 | H36: 5 | I36: 5 | J36: 5 | K36: 5 | L36: 5 | M36: 4 | N36: 50 | O36: 22
A37: 25 | B37: 3 | C37: 18 | D37: 4 | F37: 6 | G37: 12 | H37: 5 | I37: 5 | J37: 5 | K37: 4 | L37: 5 | M37: 4 | N37: 16 | O37: 22
A38: 26 | B38: 2 | C38: 1 | F38: 4 | G38: 12 | H38: 5 | I38: 5 | J38: 5 | K38: 5 | L38: 5 | M38: 5 | N38: 28 | O38: 18
A39: 27 | B39: 0 | C39: 7 | G39: 12 | H39: 5 | I39: 5 | J39: 5 | K39: 5 | L39: 5 | M39: 5 | N39: 28 | O39: 22
A40: 28 | B40: 0 | C40: 0 | D40: 1 | F40: 4 | G40: 12 | H40: 5 | I40: 5 | J40: 5 | K40: 4 | L40: 4 | M40: 4 | N40: 31 | O40: 22
A41: 29 | B41: 0 | C41: 0 | F41: 2 | G41: 12 | H41: 3 | I41: 2 | J41: 2 | K41: 2 | L41: 2 | M41: 2 | N41: 28 | O41: 22
A42: 30 | B42: 0 | C42: 0 | D42: 1 | F42: 10 | G42: 6 | H42: 5 | I42: 5 | J42: 5 | K42: 5 | L42: 4 | M42: 4 | N42: 30 | O42: 22
A43: 31 | B43: 0 | C43: 0 | F43: 6 | G43: 6 | N43: 19 | O43: 22
A44: 32 | B44: 0 | C44: 0 | D44: 1 | H44: 5 | I44: 5 | J44: 5 | K44: 5 | L44: 5 | M44: 5 | N44: 28 | O44: 18
A45: 33 | B45: 1 | C45: 10 | D45: 4 | F45: 6 | G45: 4 | H45: 5 | I45: 5 | J45: 5 | K45: 5 | L45: 5 | M45: 5 | N45: 28 | O45: 22
A46: 34 | B46: 0 | C46: 6 | D46: 1 | F46: 2 | G46: 6 | H46: 5 | I46: 5 | J46: 5 | K46: 5 | L46: 5 | M46: 5 | N46: 30 | O46: 16
A47: 35 | B47: 0 | C47: 0 | D47: 4 | E47: 8 | F47: 2 | G47: 6 | H47: 5 | I47: 5 | J47: 5 | K47: 5 | L47: 5 | M47: 5 | N47: 36 | O47: 22
A48: 36 | B48: 2 | C48: 6 | D48: 4 | E48: 8 | F48: 4 | G48: 4 | H48: 5 | I48: 5 | J48: 4 | K48: 4 | L48: 5 | M48: 4 | N48: 49 | O48: 21
A49: 37 | B49: 0 | C49: 4 | D49: 4 | E49: 2 | F49: 4 | H49: 4 | I49: 4 | J49: 5 | K49: 4 | L49: 4 | M49: 5 | N49: 37 | O49: 18
A50: 38 | B50: 0 | C50: 0 | E50: 2 | F50: 6 | G50: 6 | N50: 39 | O50: 22
A51: 39 | B51: 4 | C51: 18 | D51: 1 | E51: 2 | F51: 0 | H51: 4 | I51: 4 | J51: 4 | K51: 4 | L51: 4 | M51: 4 | N51: 30 | O51: 15
A52: 40 | B52: 4 | C52: 14 | D52: 4 | E52: 6 | F52: 4 | G52: 2 | N52: 28 | O52: 22
A53: 41 | B53: 0 | C53: 4 | E53: 8 | F53: 4 | G53: 2 | H53: 5 | I53: 5 | J53: 5 | K53: 5 | L53: 5 | M53: 5 | N53: 30 | O53: 21
A54: 42 | B54: 1 | C54: 4 | E54: 8 | F54: 6 | G54: 6 | H54: 5 | I54: 5 | J54: 5 | K54: 5 | L54: 5 | M54: 5 | N54: 29 | O54: 21
A55: 43 | B55: 5 | C55: 6 | E55: 8 | F55: 6 | G55: 6 | H55: 5 | I55: 5 | J55: 5 | K55: 5 | L55: 5 | M55: 5 | N55: 36 | O55: 22
A56: 44 | B56: 3 | C56: 14 | D56: 4 | E56: 8 | F56: 6 | G56: 6 | N56: 28 | O56: 22
A57: 45 | B57: 0 | C57: 1 | D57: 2 | E57: 8 | F57: 4 | G57: 6 | H57: 5 | I57: 5 | J57: 5 | K57: 5 | L57: 5 | M57: 5 | N57: 39 | O57: 22
A58: 46 | B58: 3 | C58: 10 | D58: 3 | F58: 0 | H58: 5 | I58: 5 | J58: 5 | K58: 5 | L58: 5 | M58: 5 | N58: 28 | O58: 11
A59: 47 | B59: 6 | C59: 18 | D59: 4 | F59: 0 | H59: 5 | I59: 5 | J59: 5 | K59: 5 | L59: 5 | M59: 5 | N59: 12 | O59: 11
A60: 48 | B60: 0 | C60: 2 | F60: 2 | H60: 5 | I60: 5 | J60: 5 | K60: 5 | L60: 5 | M60: 5 | N60: 30 | O60: 19
A61: 49 | B61: 0 | C61: 1 | D61: 3 | F61: 2 | G61: 2 | H61: 5 | I61: 4 | J61: 5 | K61: 4 | L61: 5 | M61: 4 | N61: 29 | O61: 21
A62: 50 | B62: 3 | C62: 2 | D62: 1 | F62: 6 | G62: 2 | H62: 5 | I62: 5 | J62: 4 | K62: 5 | L62: 4 | M62: 5 | N62: 24 | O62: 17
A63: 51 | B63: 4 | C63: 15 | D63: 4 | F63: 6 | G63: 2 | N63: 28 | O63: 22
A64: 52 | B64: 0 | C64: 6 | D64: 4 | F64: 2 | H64: 5 | I64: 5 | J64: 5 | K64: 5 | L64: 5 | M64: 5 | N64: 44 | O64: 20
A65: 53 | B65: 0 | C65: 4 | D65: 4 | H65: 5 | I65: 5 | J65: 5 | K65: 5 | L65: 5 | M65: 5 | N65: 20 | O65: 11
A66: 54 | B66: 0 | C66: 18 | F66: 6 | H66: 5 | I66: 5 | J66: 5 | K66: 5 | L66: 5 | M66: 5 | N66: 28 | O66: 16
A67: 55 | B67: 1 | C67: 18 | D67: 3 | F67: 0 | H67: 5 | I67: 5 | J67: 5 | K67: 5 | L67: 5 | M67: 5 | N67: 32 | O67: 16
A68: 56 | B68: 1 | C68: 18 | H68: 5 | I68: 5 | J68: 5 | K68: 5 | L68: 5 | M68: 5 | N68: 32 | O68: 18
A69: 57 | B69: 2 | C69: 18 | D69: 4 | F69: 4 | H69: 5 | I69: 5 | J69: 5 | K69: 5 | L69: 5 | M69: 5 | N69: 19 | O69: 14
A70: 58 | B70: 4 | C70: 10 | F70: 2 | G70: 2 | H70: 5 | I70: 5 | J70: 5 | K70: 5 | L70: 5 | M70: 5 | N70: 29 | O70: 20
A71: 59 | B71: 0 | C71: 0 | F71: 4 | G71: 2 | N71: 36 | O71: 22
A72: 60 | B72: 4 | C72: 7 | D72: 4 | E72: 2 | F72: 4 | G72: 2 | N72: 37 | O72: 16
A73: 61 | B73: 5 | C73: 14 | D73: 4 | E73: 8 | F73: 6 | H73: 5 | I73: 5 | J73: 5 | K73: 5 | L73: 5 | M73: 5 | N73: 38 | O73: 20
A74: 62 | B74: 3 | C74: 16 | D74: 2 | E74: 8 | F74: 8 | N74: 30 | O74: 22
A75: 63 | B75: 1 | C75: 6 | D75: 4 | E75: 8 | F75: 4 | H75: 5 | I75: 5 | J75: 5 | K75: 5 | L75: 5 | M75: 5 | N75: 28 | O75: 18
A76: 64 | B76: 4 | C76: 3 | D76: 4 | G76: 4 | H76: 5 | I76: 5 | J76: 5 | K76: 5 | L76: 5 | M76: 5 | N76: 2 | O76: 15
A77: 65 | B77: 4 | C77: 3 | G77: 2 | H77: 5 | I77: 5 | J77: 5 | K77: 5 | L77: 5 | M77: 5 | N77: 13 | O77: 11
A78: 66 | B78: 0 | C78: 14 | D78: 4 | H78: 5 | I78: 5 | J78: 5 | K78: 5 | L78: 5 | M78: 5 | N78: 18 | O78: 20
A79: 67 | B79: 0 | C79: 9 | H79: 5 | I79: 5 | J79: 5 | K79: 5 | L79: 5 | M79: 5 | N79: 33 | O79: 22
A80: 68 | B80: 0 | C80: 10 | D80: 4 | F80: 8 | N80: 4 | O80: 11
A81: 69 | B81: 0 | C81: 10 | D81: 4 | H81: 5 | I81: 5 | J81: 5 | K81: 5 | L81: 5 | M81: 5 | N81: 33 | O81: 22
A82: 70 | B82: 0 | C82: 10 | D82: 1 | E82: 2 | F82: 8 | G82: 2 | H82: 5 | I82: 5 | J82: 5 | K82: 5 | L82: 5 | M82: 5 | N82: 31 | O82: 22
A83: 71 | B83: 1 | C83: 10 | D83: 4 | E83: 0 | F83: 6 | G83: 4 | H83: 5 | I83: 5 | J83: 5 | K83: 5 | L83: 5 | M83: 4 | N83: 28 | O83: 15
A84: 72 | B84: 0 | C84: 0 | E84: 2 | F84: 6 | G84: 4 | N84: 28 | O84: 21
A85: 73 | B85: 0 | C85: 6 | D85: 4 | E85: 2 | F85: 4 | H85: 5 | I85: 5 | J85: 5 | K85: 5 | L85: 5 | M85: 5 | N85: 28 | O85: 22
A86: 74 | B86: 0 | C86: 0 | E86: 8 | F86: 4 | N86: 29 | O86: 20
A87: 75 | B87: 0 | C87: 0 | E87: 8 | F87: 4 | N87: 19 | O87: 18

Sheet CO_Attainment
AM1: Subject:
AM2: IAA==(0.8*CT1+0.8*CT2+0.1*MPR+0.1*CES) | AX2: EAA | AY2: =(1*AI19) -> 2
A3: Department of Computer Engineering | AM3: Course: : Internal Assessment Attainment | AX3: IAA | AY3: =AS10 -> 2.6666667
A4: Academic Year-2022-23 | AM4: CO'S | AN4: CT1 | AO4: CT2 | AP4: MiroProject | AR4: CES | AS4: IAA | AT4: Final 60% IAA | AU4: EAA | AV4: Final 40% EAA | AW4: Final Attainment 100%
A5: Branch:- Computer Division – C,D,E Course- Applied Mathematics Course Code-22224 | AM5: 22224.1 | AN5: =AVERAGE(F19,G19,H19,I19,J19,O19) -> 3 | AP5: 3 | AR5: 3 | AS5: =(0.8*AN5+0.8*AO5+0.1*AP5+0.1*AR5) -> 3 | AT5: =0.6*AS5 -> 1.8 | AU5: 2 | AV5: =0.4*AU5 -> 0.8 | AW5: =AT5+AV5 -> 2.6
AM6: 22224.2 | AO6: =AVERAGE(T19,U19,Y19) -> 2.3333333 | AP6: 3 | AR6: 3 | AS6: =(0.8*AN6+0.8*AO6+0.1*AP6+0.1*AR6) -> 2.4666667 | AT6: =0.6*AS6 -> 1.48 | AU6: 2 | AV6: =0.4*AU6 -> 0.8 | AW6: =AT6+AV6 -> 2.28
AM7: 22224.3 | AO7: =AVERAGE(Q19,R19,S19,W19) -> 2.75 | AP7: 3 | AR7: 3 | AS7: =(0.8*AN7+0.8*AO7+0.1*AP7+0.1*AR7) -> 2.8 | AT7: =0.6*AS7 -> 1.68 | AU7: 2 | AV7: =0.4*AU7 -> 0.8 | AW7: =AT7+AV7 -> 2.48
A8: Attainment Sheet | AM8: 22224.4 | AO8: =AVERAGE(V19,X19,Z19) -> 2.3333333 | AP8: 3 | AR8: 3 | AS8: =(0.8*AN8+0.8*AO8+0.1*AP8+0.1*AR8) -> 2.4666667 | AT8: =0.6*AS8 -> 1.48 | AU8: 2 | AV8: =0.4*AU8 -> 0.8 | AW8: =AT8+AV8 -> 2.28
A9: CO Assessment sheet, 2022-23 | AB9: Micoproject | AD9: CES | AI9: ESE-Theory | AM9: 22224.5 | AN9: =AVERAGE(K19,L19,M19,N19) -> 2.5 | AP9: 3 | AR9: 3 | AS9: =(0.8*AN9+0.8*AO9+0.1*AP9+0.1*AR9) -> 2.6 | AT9: =0.6*AS9 -> 1.56 | AU9: 2 | AV9: =0.4*AU9 -> 0.8 | AW9: =AT9+AV9 -> 2.36
AR10: Average | AS10: =AVERAGE(AS5:AS9) -> 2.6666667
B11: Roll No. | C11: Enrollment No | D11: Name of Student | F11: CT-1 | Q11: CT-2
E12: Q | F12: Q1a | G12: Q1b | H12: Q.1(c) | I12: Q.1(d) | J12: Q.1(e) | K12: Q.1(f) | L12: Q2a | M12: Q2b | N12: Q2c | O12: Q2d | Q12: Q1a | R12: Q1b | S12: Q1c | T12: Q1d | U12: Q1e | V12: Q1f | W12: Q2a | X12: Q2b | Y12: Q2c | Z12: Q2d | AB12: All | AD12: CO1 | AE12: CO2 | AF12: CO3 | AG12: CO4 | AH12: CO5 | AI12: ALL | AL12: 3 | AM12: >60 | AN12: Almost Achieved
E13: CO | F13: 22224.1 | G13: 22224.1 | H13: 22224.1 | I13: 22224.1 | J13: 22224.1 | K13: 22224.5 | L13: 22224.5 | M13: 22224.5 | N13: 22224.5 | O13: 22224.1 | Q13: 22224.3 | R13: 22224.3 | S13: 22224.3 | T13: 22224.2 | U13: 22224.2 | V13: 22224.4 | W13: 22224.3 | X13: 22224.4 | Y13: 22224.2 | Z13: 22224.4 | AD13: Q1 | AE13: Q2 | AF13: Q3 | AG13: Q4 | AH13: Q5 | AL13: 2 | AM13: 40-60 | AN13: Moderately Achieved
E14: Marks | F14: 2 | G14: 2 | H14: 2 | I14: 2 | J14: 2 | K14: 2 | L14: 4 | M14: 4 | N14: 4 | O14: 4 | Q14: 2 | R14: 2 | S14: 2 | T14: 2 | U14: 2 | V14: 2 | W14: 4 | X14: 4 | Y14: 4 | Z14: 4 | AB14: 10 | AD14: 5 | AE14: 5 | AF14: 5 | AG14: 5 | AH14: 5 | AI14: 70 | AL14: 1 | AM14: <40 | AN14: Low Ahieved
E15: Threshold | F15: =ROUND(F14*0.5,0) -> 1 | G15: =ROUND(G14*0.5,0) -> 1 | H15: =ROUND(H14*0.5,0) -> 1 | I15: =ROUND(I14*0.5,0) -> 1 | J15: =ROUND(J14*0.5,0) -> 1 | K15: =ROUND(K14*0.5,0) -> 1 | L15: =ROUND(L14*0.5,0) -> 2 | M15: =ROUND(M14*0.5,0) -> 2 | ... O15: =ROUND(O14*0.5,0) -> 2 | Q15: =ROUND(Q14*0.5,0) -> 1 | R15: =ROUND(R14*0.5,0) -> 1 | S15: =ROUND(S14*0.5,0) -> 1 | T15: =ROUND(T14*0.5,0) -> 1 | U15: =ROUND(U14*0.5,0) -> 1 | V15: =ROUND(V14*0.5,0) -> 1 | W15: =ROUND(W14*0.5,0) -> 2 | X15: =ROUND(X14*0.5,0) -> 2 | ... Z15: =ROUND(Z14*0.5,0) -> 2 | AB15: =ROUND(AB14*0.5,0) -> 5 | AD15: =ROUND(AD14*0.5,0) -> 3 | AE15: =ROUND(AE14*0.5,0) -> 3 | AF15: =ROUND(AF14*0.5,0) -> 3 | AG15: =ROUND(AG14*0.5,0) -> 3 | AH15: =ROUND(AH14*0.5,0) -> 3 | AI15: =ROUND(AI14*0.5,0) -> 35
E16: No. of Students Appeared for CO | F16: =COUNTIF(F21:F227,">=0") -> 201 | G16: =COUNTIF(G21:G227,">=0") -> 182 | H16: =COUNTIF(H21:H227,">=0") -> 134 | I16: =COUNTIF(I21:I227,">=0") -> 133 | J16: =COUNTIF(J21:J227,">=0") -> 115 | K16: =COUNTIF(K21:K227,">=0") -> 122 | L16: =COUNTIF(L21:L227,">=0") -> 144 | M16: =COUNTIF(M21:M227,">=0") -> 141 | ... O16: =COUNTIF(O21:O227,">=0") -> 126 | Q16: =COUNTIF(Q21:Q227,">=0") -> 163 | R16: =COUNTIF(R21:R227,">=0") -> 133 | S16: =COUNTIF(S21:S227,">=0") -> 143 | T16: =COUNTIF(T21:T227,">=0") -> 101 | U16: =COUNTIF(U21:U227,">=0") -> 123 | V16: =COUNTIF(V21:V227,">=0") -> 131 | W16: =COUNTIF(W21:W227,">=0") -> 121 | X16: =COUNTIF(X21:X227,">=0") -> 102 | ... Z16: =COUNTIF(Z21:Z227,">=0") -> 74 | AB16: =COUNTIF(AB21:AB227,">=0") -> 206 | AD16: =COUNTIF(AD21:AD227,">=0") -> 206 | AE16: =COUNTIF(AE21:AE227,">=0") -> 206 | AF16: =COUNTIF(AF21:AF227,">=0") -> 206 | AG16: =COUNTIF(AG21:AG227,">=0") -> 206 | AH16: =COUNTIF(AH21:AH227,">=0") -> 206 | AI16: =COUNTIF(AI21:AI227,">=0") -> 206
E17: No. of student Score more than 40-% marks | F17: =COUNTIF((F21:F227),">=1") -> 193 | G17: =COUNTIF((G21:G227),">=1") -> 170 | H17: =COUNTIF((H21:H227),">=1") -> 111 | I17: =COUNTIF((I21:I227),">=1") -> 110 | J17: =COUNTIF((J21:J227),">=1") -> 95 | K17: =COUNTIF((K21:K227),">=1") -> 103 | L17: =COUNTIF((L21:L227),">=2") -> 73 | M17: =COUNTIF((M21:M227),">=2") -> 74 | N17: =COUNTIF((N21:N227),">=2") -> 92 | O17: =COUNTIF((O21:O227),">=2") -> 80 | Q17: =COUNTIF((Q21:Q227),">=1") -> 105 | R17: =COUNTIF((R21:R227),">=1") -> 79 | S17: =COUNTIF((S21:S227),">=1") -> 111 | T17: =COUNTIF((T21:T227),">=1") -> 39 | U17: =COUNTIF((U21:U227),">=1") -> 93 | V17: =COUNTIF((V21:V227),">=1") -> 113 | W17: =COUNTIF((W21:W227),">=2") -> 75 | X17: =COUNTIF((X21:X227),">=2") -> 56 | Y17: =COUNTIF((Y21:Y227),">=2") -> 77 | Z17: =COUNTIF((Z21:Z227),">=2") -> 38 | AB17: =COUNTIF((AB21:AB227),">=5") -> 205 | AD17: =COUNTIF((AD21:AD227),">=3") -> 195 | AE17: =COUNTIF((AE21:AE227),">=3") -> 179 | AF17: =COUNTIF((AF21:AF227),">=3") -> 194 | AG17: =COUNTIF((AG21:AG227),">=3") -> 192 | AH17: =COUNTIF((AH21:AH227),">=3") -> 196 | AI17: =COUNTIF((AI21:AI227),">=35") -> 82
E18: % of student score more than 40-% Marks | F18: =F17/F16*100 -> 96.0199 | G18: =G17/G16*100 -> 93.406593 | H18: =H17/H16*100 -> 82.835821 | I18: =I17/I16*100 -> 82.706767 | J18: =J17/J16*100 -> 82.608696 | K18: =K17/K16*100 -> 84.42623 | L18: =L17/L16*100 -> 50.694444 | M18: =M17/M16*100 -> 52.48227 | ... O18: =O17/O16*100 -> 63.492063 | Q18: =Q17/Q16*100 -> 64.417178 | R18: =R17/R16*100 -> 59.398496 | S18: =S17/S16*100 -> 77.622378 | T18: =T17/T16*100 -> 38.613861 | U18: =U17/U16*100 -> 75.609756 | V18: =V17/V16*100 -> 86.259542 | W18: =W17/W16*100 -> 61.983471 | X18: =X17/X16*100 -> 54.901961 | ... Z18: =Z17/Z16*100 -> 51.351351 | AB18: =AB17/AB16*100 -> 99.514563 | AD18: =AD17/AD16*100 -> 94.660194 | AE18: =AE17/AE16*100 -> 86.893204 | AF18: =AF17/AF16*100 -> 94.174757 | AG18: =AG17/AG16*100 -> 93.203883 | AH18: =AH17/AH16*100 -> 95.145631 | AI18: =AI17/AI16*100 -> 39.805825
E19: ATTAINMENT (DIRECT) | F19: 3 | G19: 3 | H19: 3 | I19: 3 | J19: 3 | K19: 3 | L19: 2 | M19: 2 | N19: 3 | O19: 3 | Q19: 3 | R19: 2 | S19: 3 | T19: 1 | U19: 3 | V19: 3 | W19: 3 | X19: 2 | Y19: 3 | Z19: 2 | AB19: 3 | AD19: 3 | AE19: 3 | AF19: 3 | AG19: 3 | AH19: 3 | AI19: 2
A21: 1 | B21: 1101 | C21: ENR001 | D21: STU001 | F21: 2 | G21: 2 | H21: 2 | I21: 2 | J21: 2 | K21: 2 | L21: 4 | M21: 4 | N21: 4 | O21: 4 | Q21: 2 | R21: 2 | S21: 2 | T21: 2 | U21: 2 | V21: 2 | W21: 4 | X21: 4 | Y21: 4 | Z21: 4 | AB21: 10 | AD21: 3 | AE21: 3 | AF21: 3 | AG21: 3 | AH21: 3 | AI21: 69
A22: 2 | B22: 1102 | C22: ENR002 | D22: STU002 | F22: 2 | G22: 2 | I22: 2 | J22: 1 | K22: 2 | L22: 4 | M22: 1 | N22: 4 | O22: 4 | R22: 2 | S22: 2 | U22: 2 | V22: 2 | W22: 4 | X22: 3 | Y22: 4 | Z22: 4 | AB22: 10 | AD22: 3 | AE22: 3 | AF22: 5 | AG22: 4 | AH22: 5 | AI22: 75
A23: 3 | B23: 1103 | C23: ENR003 | D23: STU003 | F23: 1 | G23: 2 | J23: 0 | K23: 2 | L23: 2 | M23: 2 | N23: 2 | Q23: 0 | R23: 0 | S23: 0 | V23: 1 | W23: 0 | X23: 0 | Y23: 0 | AB23: 8 | AD23: 4 | AE23: 4 | AF23: 5 | AG23: 5 | AH23: 5 | AI23: 27
A24: 4 | B24: 1104 | C24: ENR004 | D24: STU004 | F24: 2 | G24: 2 | H24: 2 | I24: 2 | J24: 2 | K24: 2 | M24: 4 | N24: 3 | O24: 4 | Q24: 2 | R24: 1 | S24: 1 | U24: 1 | V24: 2 | W24: 4 | X24: 3 | Y24: 4 | AB24: 9 | AD24: 5 | AE24: 4 | AF24: 5 | AG24: 4 | AH24: 5 | AI24: 55
A25: 5 | B25: 1105 | C25: ENR005 | D25: STU005 | F25: 2 | G25: 2 | H25: 1 | I25: 2 | J25: 2 | K25: 2 | M25: 4 | N25: 4 | O25: 4 | Q25: 2 | R25: 2 | S25: 2 | U25: 2 | W25: 4 | X25: 4 | Y25: 4 | AB25: 10 | AD25: 3 | AE25: 3 | AF25: 5 | AG25: 4 | AH25: 5 | AI25: 44
A26: 6 | B26: 1106 | C26: ENR006 | D26: STU006 | F26: 2 | G26: 2 | H26: 2 | I26: 2 | J26: 1 | L26: 4 | M26: 2 | N26: 4 | O26: 4 | R26: 2 | S26: 2 | T26: 2 | U26: 2 | V26: 2 | W26: 4 | X26: 4 | Y26: 4 | Z26: 4 | AB26: 10 | AD26: 5 | AE26: 5 | AF26: 5 | AG26: 5 | AH26: 5 | AI26: 86
A27: 7 | B27: 1107 | C27: ENR007 | D27: STU007 | F27: 2 | G27: 2 | H27: 2 | I27: 2 | J27: 1 | K27: 2 | M27: 2 | Q27: 0 | S27: 0 | T27: 0 | AB27: 8 | AD27: 3 | AE27: 3 | AF27: 5 | AG27: 4 | AH27: 5 | AI27: 22
A28: 8 | B28: 1108 | C28: ENR008 | D28: STU008 | F28: AB | G28: AB | H28: AB | I28: AB | J28: AB | K28: AB | L28: AB | M28: AB | N28: AB | O28: AB | Q28: AB | R28: AB | S28: AB | T28: AB | U28: AB | V28: AB | W28: AB | X28: AB | Y28: AB | Z28: AB | AB28: 2 | AD28: 5 | AE28: 5 | AF28: 5 | AG28: 5 | AH28: 5 | AI28: 2
A29: 9 | B29: 1109 | C29: ENR009 | D29: STU009 | F29: 2 | G29: 2 | H29: 2 | I29: 2 | K29: 2 | L29: 4 | N29: 3 | O29: 4 | Q29: 2 | R29: 2 | S29: 2 | T29: 1 | U29: 2 | V29: 2 | W29: 4 | X29: 4 | Y29: 4 | Z29: 4 | AB29: 10 | AD29: 3 | AE29: 3 | AF29: 5 | AG29: 4 | AH29: 5 | AI29: 63
A30: 10 | B30: 1110 | C30: ENR010 | D30: STU010 | F30: 2 | G30: 2 | H30: 2 | I30: 2 | J30: 1 | K30: 1 | L30: 4 | M30: 4 | N30: 4 | O30: 4 | Q30: 0 | S30: 1 | U30: 2 | V30: 2 | W30: 0 | X30: 1 | Y30: 1 | AB30: 8 | AD30: 3 | AE30: 3 | AF30: 5 | AG30: 4 | AH30: 5 | AI30: 53
A31: 11 | B31: 1111 | C31: ENR011 | D31: STU011 | F31: 2 | G31: 2 | H31: 2 | I31: 2 | J31: 2 | L31: 4 | M31: 4 | O31: 4 | Q31: 2 | R31: 2 | S31: 2 | T31: 2 | U31: 2 | V31: 2 | W31: 4 | X31: 4 | Y31: 4 | Z31: 3 | AB31: 10 | AD31: 3 | AE31: 1 | AF31: 3 | AG31: 1 | AH31: 5 | AI31: 84
A32: 12 | B32: 1112 | C32: ENR012 | D32: STU012 | F32: 1 | G32: 2 | H32: 1 | I32: 2 | J32: 1 | M32: 2 | O32: 4 | U32: 2 | V32: 1 | AB32: 6 | AD32: 2 | AE32: 4 | AF32: 2 | AG32: 5 | AH32: 3 | AI32: 42
A33: 13 | B33: 1113 | C33: ENR013 | D33: STU013 | F33: 2 | G33: 2 | J33: 2 | K33: 1 | L33: 4 | M33: 4 | N33: 1 | S33: 1 | T33: 0 | U33: 0 | V33: 2 | X33: 2 | Y33: 2 | Z33: 0 | AB33: 8 | AD33: 5 | AE33: 3 | AF33: 5 | AG33: 4 | AH33: 5 | AI33: 27
A34: 14 | B34: 1114 | C34: ENR014 | D34: STU014 | F34: 2 | G34: 2 | H34: 1 | I34: 1 | L34: 0 | M34: 1 | N34: 0 | Q34: 1 | S34: 0 | U34: 1 | V34: 1 | W34: 0 | X34: 0 | Z34: 0 | AB34: 7 | AD34: 4 | AE34: 3 | AF34: 3 | AG34: 3 | AH34: 4 | AI34: 16
A35: 15 | B35: 1115 | C35: ENR015 | D35: STU015 | F35: 1 | G35: 0 | J35: 1 | K35: 2 | M35: 4 | N35: 2 | R35: 0 | S35: 2 | U35: 0 | V35: 2 | W35: 0 | Z35: 0 | AB35: 6 | AD35: 5 | AE35: 3 | AF35: 5 | AG35: 5 | AH35: 5 | AI35: 16
A36: 16 | B36: 1116 | C36: ENR016 | D36: STU016 | F36: 2 | G36: 2 | H36: 2 | I36: 1 | L36: 4 | M36: 1 | N36: 4 | O36: 2 | Q36: 2 | R36: 2 | S36: 1 | T36: 1 | U36: 1 | W36: 2 | Y36: 4 | Z36: 0 | AB36: 9 | AD36: 3 | AE36: 3 | AF36: 5 | AG36: 4 | AH36: 5 | AI36: 40
A37: 17 | B37: 1117 | C37: ENR017 | D37: STU017 | F37: 1 | H37: 2 | J37: 1 | K37: 1 | L37: 1 | M37: 2 | O37: 0 | Q37: 2 | U37: 1 | V37: 1 | W37: 4 | X37: 0 | Z37: 2 | AB37: 8 | AD37: 3 | AE37: 3 | AF37: 5 | AG37: 4 | AH37: 5 | AI37: 35
A38: 18 | B38: 1118 | C38: ENR018 | D38: STU018 | F38: 1 | G38: 1 | H38: 1 | I38: 2 | K38: 2 | L38: 1 | M38: 2 | N38: 3 | S38: 2 | V38: 2 | X38: 4 | Z38: 4 | AB38: 7 | AD38: 5 | AE38: 5 | AF38: 5 | AG38: 3 | AH38: 5 | AI38: 47
A39: 19 | B39: 1119 | C39: ENR019 | D39: STU019 | G39: 2 | I39: 2 | J39: 2 | K39: 2 | M39: 4 | N39: 4 | O39: 4 | S39: 2 | T39: 0 | U39: 1 | V39: 2 | X39: 0 | Y39: 3 | Z39: 4 | AB39: 9 | AD39: 4 | AE39: 3 | AF39: 5 | AG39: 4 | AH39: 5 | AI39: 53
A40: 20 | B40: 1120 | C40: ENR020 | D40: STU020 | F40: 2 | G40: 1 | H40: 1 | I40: 1 | K40: 2 | L40: 4 | M40: 2 | O40: 3 | Q40: 0 | R40: 1 | T40: 1 | V40: 1 | W40: 1 | X40: 0 | Y40: 3 | AB40: 7 | AD40: 2 | AE40: 5 | AF40: 3 | AG40: 4 | AH40: 2 | AI40: 38
A41: 21 | B41: 1121 | C41: ENR021 | D41: STU021 | F41: 2 | G41: 1 | H41: 1 | K41: 2 | L41: 4 | M41: 2 | O41: 3 | R41: 1 | T41: 1 | U41: 1 | V41: 1 | W41: 1 | X41: 4 | Y41: 3 | AB41: 8 | AD41: 5 | AE41: 3 | AF41: 4 | AG41: 5 | AH41: 4 | AI41: 32
A42: 22 | B42: 1122 | C42: ENR022 | D42: STU022 | F42: 2 | G42: 2 | H42: 2 | I42: 2 | K42: 1 | L42: 1 | M42: 3 | N42: 4 | O42: 4 | Q42: 0 | T42: 0 | U42: 1 | V42: 2 | X42: 2 | Y42: 1 | AB42: 10 | AD42: 3 | AE42: 3 | AF42: 5 | AG42: 4 | AH42: 5 | AI42: 69
A43: 23 | B43: 1123 | C43: ENR023 | D43: STU023 | F43: 2 | G43: 2 | I43: 2 | J43: 1 | K43: 1 | L43: 4 | M43: 1 | N43: 2 | O43: 1 | Q43: 2 | R43: 1 | S43: 2 | T43: 2 | U43: 2 | V43: 2 | W43: 4 | X43: 4 | Y43: 4 | AB43: 7 | AD43: 5 | AE43: 5 | AF43: 5 | AG43: 5 | AH43: 5 | AI43: 28
A44: 24 | B44: 1124 | C44: ENR024 | D44: STU024 | F44: 1 | G44: 2 | I44: 2 | J44: 2 | O44: 2 | Q44: 0 | S44: 0 | U44: 0 | Z44: 1 | AB44: 7 | AD44: 3 | AE44: 3 | AF44: 3 | AG44: 2 | AH44: 3 | AI44: 17
A45: 25 | B45: 1125 | C45: ENR025 | D45: STU025 | F45: 2 | G45: 2 | H45: 2 | I45: 2 | J45: 2 | K45: 1 | L45: 4 | M45: 4 | N45: 3 | O45: 4 | Q45: 2 | R45: 2 | S45: 2 | U45: 2 | V45: 2 | W45: 4 | X45: 2 | Y45: 4 | Z45: 1 | AB45: 9 | AD45: 5 | AE45: 4 | AF45: 5 | AG45: 4 | AH45: 4 | AI45: 74
A46: 26 | B46: 1126 | C46: ENR026 | D46: STU026 | F46: 2 | G46: 2 | J46: 1 | K46: 1 | L46: 4 | M46: 3 | N46: 3 | Q46: 1 | S46: 0 | T46: 0 | U46: 0 | X46: 0 | AB46: 7 | AD46: 4 | AE46: 3 | AF46: 5 | AG46: 4 | AH46: 5 | AI46: 31
A47: 27 | B47: 1127 | C47: ENR027 | D47: STU027 | F47: 2 | G47: 2 | J47: 2 | K47: 0 | L47: 4 | N47: 4 | R47: 1 | X47: 2 | AB47: 7 | AD47: 5 | AE47: 4 | AF47: 5 | AG47: 4 | AH47: 5 | AI47: 25
A48: 28 | B48: 1128 | C48: ENR028 | D48: STU028 | F48: 2 | G48: 2 | H48: 1 | J48: 2 | K48: 1 | M48: 1 | N48: 4 | Q48: 2 | R48: 1 | S48: 2 | U48: 1 | V48: 2 | W48: 4 | X48: 2 | Y48: 0 | AB48: 7 | AD48: 5 | AE48: 5 | AF48: 5 | AG48: 5 | AH48: 5 | AI48: 34
A49: 29 | B49: 1129 | C49: ENR029 | D49: STU029 | F49: 2 | G49: 2 | J49: 0 | K49: 0 | L49: 0 | M49: 1 | R49: 0 | S49: 0 | U49: 0 | V49: 2 | X49: 1 | AB49: 8 | AD49: 2 | AE49: 3 | AF49: 2 | AG49: 3 | AH49: 3 | AI49: 23
A50: 30 | B50: 1130 | C50: ENR030 | D50: STU030 | F50: 2 | G50: 2 | K50: 1 | M50: 1 | Q50: 0 | R50: 0 | S50: 0 | T50: 0 | X50: 0 | Y50: 0 | AB50: 9 | AD50: 5 | AE50: 5 | AF50: 4 | AG50: 5 | AH50: 5 | AI50: 21
A51: 31 | B51: 1131 | C51: ENR031 | D51: STU031 | F51: 1 | H51: 1 | I51: 2 | J51: 0 | L51: 0 | M51: 1 | O51: 0 | Q51: 0 | T51: 0 | U51: 0 | V51: 1 | W51: 0 | X51: 0 | Y51: 0 | AB51: 9 | AD51: 5 | AE51: 4 | AF51: 5 | AG51: 5 | AH51: 4 | AI51: 15
A52: 32 | B52: 1132 | C52: ENR032 | D52: STU032 | F52: 1 | G52: 2 | I52: 2 | K52: 0 | L52: 0 | R52: 0 | AB52: 9 | AD52: 4 | AE52: 5 | AF52: 4 | AG52: 3 | AH52: 5 | AI52: 19
A53: 33 | B53: 1133 | C53: ENR033 | D53: STU033 | F53: 2 | G53: 2 | H53: 2 | I53: 2 | J53: 2 | K53: 1 | L53: 2 | M53: 1 | N53: 2 | O53: 1 | Q53: 2 | R53: 0 | T53: 0 | V53: 1 | W53: 0 | Y53: 4 | Z53: 0 | AB53: 8 | AD53: 3 | AE53: 2 | AF53: 3 | AG53: 3 | AH53: 3 | AI53: 39
A54: 34 | B54: 1134 | C54: ENR034 | D54: STU034 | F54: 2 | G54: 2 | H54: 2 | I54: 2 | M54: 4 | N54: 4 | O54: 4 | Q54: 2 | S54: 1 | T54: 2 | U54: 1 | V54: 2 | W54: 4 | Y54: 4 | AB54: 9 | AD54: 4 | AE54: 4 | AF54: 5 | AG54: 5 | AH54: 5 | AI54: 57
A55: 35 | B55: 1135 | C55: ENR035 | D55: STU035 | F55: 1 | G55: 0 | I55: 0 | K55: 2 | M55: 2 | Q55: 0 | S55: 1 | V55: 0 | W55: 0 | Y55: 0 | Z55: 0 | AB55: 9 | AD55: 4 | AE55: 3 | AF55: 4 | AG55: 4 | AH55: 4 | AI55: 20
A56: 36 | B56: 1136 | C56: ENR036 | D56: STU036 | F56: 2 | G56: 2 | I56: 1 | J56: 2 | K56: 2 | L56: 2 | M56: 2 | N56: 3 | O56: 4 | Q56: 2 | R56: 2 | T56: 2 | U56: 2 | V56: 2 | W56: 4 | X56: 4 | Y56: 4 | Z56: 4 | AB56: 9 | AD56: 3 | AE56: 3 | AF56: 5 | AG56: 4 | AH56: 5 | AI56: 65
A57: 37 | B57: 1137 | C57: ENR037 | D57: STU037 | F57: 2 | G57: 2 | H57: 1 | I57: 1 | L57: 4 | N57: 2 | O57: 3 | Q57: 2 | S57: 2 | T57: 2 | U57: 2 | W57: 1 | X57: 4 | Y57: 1 | AB57: 8 | AD57: 3 | AE57: 1 | AF57: 4 | AG57: 3 | AH57: 5 | AI57: 43
A58: 38 | B58: 1138 | C58: ENR038 | D58: STU038 | F58: 1 | G58: 2 | H58: 2 | I58: 2 | J58: 2 | K58: 2 | L58: 4 | M58: 1 | N58: 4 | O58: 4 | Q58: 2 | R58: 2 | S58: 2 | T58: 2 | U58: 2 | V58: 2 | W58: 4 | X58: 4 | Y58: 3 | Z58: 4 | AB58: 10 | AD58: 3 | AE58: 2 | AF58: 3 | AG58: 3 | AH58: 3 | AI58: 48
A59: 39 | B59: 1139 | C59: ENR039 | D59: STU039 | F59: 0 | G59: 2 | I59: 2 | J59: 2 | L59: 4 | M59: 3 | N59: 3 | O59: 2 | Q59: 2 | R59: 0 | T59: 2 | U59: 2 | V59: 2 | W59: 4 | X59: 4 | Y59: 3 | Z59: 4 | AB59: 9 | AD59: 4 | AE59: 4 | AF59: 5 | AG59: 4 | AH59: 5 | AI59: 62
A60: 40 | B60: 1140 | C60: ENR040 | D60: STU040 | F60: 2 | G60: 2 | I60: 1 | K60: 1 | L60: 4 | M60: 2 | N60: 2 | O60: 2 | Q60: 2 | S60: 2 | U60: 1 | V60: 2 | W60: 4 | Y60: 4 | AB60: 7 | AD60: 5 | AE60: 5 | AF60: 5 | AG60: 5 | AH60: 5 | AI60: 34
A61: 41 | B61: 1141 | C61: ENR041 | D61: STU041 | F61: 2 | G61: 2 | H61: 2 | I61: 2 | J61: 2 | L61: 4 | M61: 4 | N61: 4 | O61: 4 | Q61: 2 | R61: 2 | S61: 2 | T61: 2 | U61: 1 | V61: 2 | W61: 4 | X61: 4 | Y61: 4 | Z61: 4 | AB61: 10 | AD61: 3 | AE61: 3 | AF61: 5 | AG61: 4 | AH61: 5 | AI61: 88
A62: 42 | B62: 1142 | C62: ENR042 | D62: STU042 | F62: 2 | G62: 0 | J62: 2 | N62: 0 | Q62: 1 | Y62: 0 | AB62: 9 | AD62: 3 | AE62: 4 | AF62: 3 | AG62: 4 | AH62: 4 | AI62: 12
A63: 43 | B63: 1143 | C63: ENR043 | D63: STU043 | F63: 2 | G63: 2 | H63: 1 | I63: 2 | J63: 2 | L63: 4 | M63: 1 | O63: 4 | Q63: 2 | R63: 2 | S63: 2 | T63: 1 | U63: 2 | V63: 2 | W63: 4 | X63: 4 | Y63: 4 | AB63: 9 | AD63: 3 | AE63: 3 | AF63: 3 | AG63: 3 | AH63: 3 | AI63: 64
A64: 44 | B64: 1144 | C64: ENR044 | D64: STU044 | F64: 2 | G64: 2 | H64: 2 | I64: 2 | J64: 1 | K64: 2 | L64: 4 | M64: 4 | N64: 3 | O64: 4 | Q64: 2 | R64: 2 | S64: 1 | T64: 1 | U64: 1 | V64: 2 | W64: 4 | X64: 4 | Y64: 4 | Z64: 4 | AB64: 10 | AD64: 4 | AE64: 3 | AF64: 3 | AG64: 3 | AH64: 4 | AI64: 86
A65: 45 | B65: 1145 | C65: ENR045 | D65: STU045 | F65: 2 | G65: 2 | H65: 2 | I65: 2 | J65: 2 | K65: 2 | L65: 4 | M65: 4 | N65: 2 | O65: 4 | Q65: 2 | R65: 2 | S65: 2 | T65: 2 | W65: 4 | X65: 4 | Y65: 4 | Z65: 0 | AB65: 10 | AD65: 5 | AE65: 5 | AF65: 5 | AG65: 5 | AH65: 5 | AI65: 74
A66: 46 | B66: 1146 | C66: ENR046 | D66: STU046 | F66: 2 | G66: 2 | I66: 2 | J66: 2 | K66: 2 | M66: 4 | N66: 2 | O66: 0 | Q66: 2 | S66: 2 | T66: 1 | U66: 1 | V66: 2 | W66: 2 | X66: 3 | Y66: 2 | AB66: 7 | AD66: 3 | AE66: 3 | AF66: 5 | AG66: 4 | AH66: 5 | AI66: 38
A67: 47 | B67: 1147 | C67: ENR047 | D67: STU047 | F67: 1 | M67: 2 | N67: 4 | Q67: 0 | R67: 2 | U67: 2 | X67: 4 | Y67: 4 | AB67: 7 | AD67: 4 | AE67: 3 | AF67: 4 | AG67: 2 | AH67: 3 | AI67: 26
A68: 48 | B68: 1148 | C68: ENR048 | D68: STU048 | F68: 2 | G68: 2 | H68: 2 | I68: 2 | J68: 2 | M68: 4 | N68: 1 | O68: 4 | Q68: 2 | R68: 2 | S68: 1 | T68: 2 | U68: 2 | W68: 4 | X68: 4 | Y68: 4 | Z68: 2 | AB68: 9 | AD68: 4 | AE68: 4 | AF68: 4 | AG68: 4 | AH68: 4 | AI68: 46
A69: 49 | B69: 1149 | C69: ENR049 | D69: STU049 | F69: 0 | G69: 1 | O69: 1 | Q69: 2 | R69: 2 | S69: 2 | AB69: 8 | AD69: 3 | AE69: 2 | AF69: 3 | AG69: 4 | AH69: 5 | AI69: 16
A70: 50 | B70: 1150 | C70: ENR050 | D70: STU050 | F70: 2 | G70: 2 | I70: 1 | K70: 1 | L70: 4 | M70: 3 | N70: 2 | O70: 4 | Q70: 2 | R70: 2 | S70: 2 | U70: 2 | V70: 2 | W70: 4 | X70: 0 | Y70: 4 | Z70: 4 | AB70: 9 | AD70: 5 | AE70: 5 | AF70: 5 | AG70: 5 | AH70: 5 | AI70: 77
A71: 51 | B71: 1151 | C71: ENR051 | D71: STU051 | F71: 2 | G71: 2 | H71: 1 | K71: 1 | M71: 1 | N71: 4 | O71: 0 | Q71: 2 | R71: 0 | S71: 1 | W71: 2 | AB71: 7 | AD71: 4 | AE71: 3 | AF71: 4 | AG71: 3 | AH71: 3 | AI71: 34
A72: 52 | B72: 1152 | C72: ENR052 | D72: STU052 | F72: 1 | Q72: 2 | AB72: 10 | AD72: 4 | AE72: 4 | AF72: 5 | AG72: 4 | AH72: 5 | AI72: 20
A73: 53 | B73: 1153 | C73: ENR053 | D73: STU053 | F73: 2 | G73: 2 | I73: 2 | J73: 2 | K73: 2 | L73: 4 | M73: 4 | N73: 4 | O73: 4 | Q73: 2 | R73: 2 | S73: 2 | T73: 2 | U73: 2 | V73: 2 | W73: 4 | X73: 4 | Y73: 4 | Z73: 4 | AB73: 10 | AD73: 3 | AE73: 3 | AF73: 5 | AG73: 4 | AH73: 5 | AI73: 91
A74: 54 | B74: 1154 | C74: ENR054 | D74: STU054 | F74: 2 | G74: 2 | H74: 1 | I74: 2 | J74: 1 | L74: 4 | M74: 1 | N74: 2 | O74: 3 | Q74: 2 | R74: 1 | S74: 0 | U74: 1 | W74: 4 | Y74: 4 | AB74: 7 | AD74: 3 | AE74: 3 | AF74: 3 | AG74: 3 | AH74: 3 | AI74: 49
A75: 55 | B75: 1155 | C75: ENR055 | D75: STU055 | F75: 2 | I75: 2 | J75: 1 | N75: 0 | Q75: 0 | R75: 0 | S75: 2 | Y75: 3 | AB75: 7 | AD75: 3 | AE75: 3 | AF75: 5 | AG75: 4 | AH75: 5 | AI75: 14
A76: 56 | B76: 1156 | C76: ENR056 | D76: STU056 | F76: 2 | G76: 2 | H76: 2 | I76: 2 | J76: 1 | K76: 1 | L76: 4 | M76: 2 | N76: 3 | O76: 3 | Q76: 2 | R76: 2 | S76: 2 | U76: 2 | V76: 2 | W76: 4 | X76: 4 | Y76: 4 | Z76: 3 | AB76: 9 | AD76: 3 | AE76: 4 | AF76: 5 | AG76: 4 | AH76: 5 | AI76: 64
A77: 57 | B77: 1157 | C77: ENR057 | D77: STU057 | F77: 2 | G77: 2 | J77: 2 | K77: 1 | L77: 4 | M77: 3 | N77: 3 | Q77: 1 | R77: 1 | S77: 0 | T77: 0 | W77: 0 | Y77: 0 | AB77: 7 | AD77: 4 | AE77: 3 | AF77: 3 | AG77: 2 | AH77: 4 | AI77: 45
A78: 58 | B78: 1158 | C78: ENR058 | D78: STU058 | F78: 2 | G78: 2 | H78: 1 | I78: 2 | K78: 2 | L78: 4 | M78: 2 | N78: 3 | O78: 4 | Q78: 0 | R78: 2 | S78: 2 | U78: 2 | V78: 2 | W78: 4 | X78: 4 | Y78: 2 | AB78: 9 | AD78: 1 | AE78: 1 | AF78: 2 | AG78: 2 | AH78: 3 | AI78: 76
A79: 59 | B79: 1159 | C79: ENR059 | D79: STU059 | F79: 2 | G79: 2 | J79: 2 | M79: 1 | Q79: 2 | S79: 0 | U79: 2 | W79: 4 | AB79: 6 | AD79: 3 | AE79: 3 | AF79: 3 | AG79: 3 | AH79: 3 | AI79: 19
A80: 60 | B80: 1160 | C80: ENR060 | D80: STU060 | F80: 2 | G80: 2 | H80: 1 | J80: 2 | K80: 2 | L80: 0 | M80: 1 | O80: 0 | Q80: 0 | R80: 0 | S80: 0 | T80: 0 | W80: 0 | Y80: 0 | AB80: 7 | AD80: 3 | AE80: 2 | AF80: 3 | AG80: 3 | AH80: 3 | AI80: 16
A81: 61 | B81: 1161 | C81: ENR061 | D81: STU061 | F81: 2 | G81: 2 | J81: 2 | K81: 2 | L81: 4 | M81: 3 | N81: 2 | Q81: 0 | R81: 1 | S81: 0 | V81: 1 | W81: 0 | X81: 0 | AB81: 6 | AD81: 5 | AE81: 4 | AF81: 5 | AG81: 4 | AH81: 5 | AI81: 31
A82: 62 | B82: 1162 | C82: ENR062 | D82: STU062 | F82: 2 | G82: 2 | J82: 2 | K82: 2 | M82: 4 | N82: 4 | O82: 4 | Q82: 1 | R82: 0 | S82: 0 | U82: 1 | AB82: 6 | AD82: 3 | AE82: 3 | AF82: 5 | AG82: 4 | AH82: 5 | AI82: 29
A83: 63 | B83: 1163 | C83: ENR063 | D83: STU063 | F83: 2 | G83: 1 | H83: 1 | I83: 2 | L83: 2 | N83: 4 | O83: 4 | Q83: 2 | R83: 0 | U83: 1 | V83: 1 | W83: 3 | X83: 1 | Y83: 0 | AB83: 6 | AD83: 5 | AE83: 3 | AF83: 5 | AG83: 4 | AH83: 5 | AI83: 32
A84: 64 | B84: 1164 | C84: ENR064 | D84: STU064 | F84: 2 | O84: 4 | Q84: 0 | S84: 0 | AB84: 9 | AD84: 3 | AE84: 2 | AF84: 2 | AG84: 3 | AH84: 2 | AI84: 16
A85: 65 | B85: 1165 | C85: ENR065 | D85: STU065 | F85: 2 | I85: 2 | O85: 4 | Q85: 0 | S85: 0 | T85: 0 | U85: 0 | AB85: 8 | AD85: 3 | AE85: 3 | AF85: 5 | AG85: 4 | AH85: 5 | AI85: 16
A86: 66 | B86: 1166 | C86: ENR066 | D86: STU066 | F86: 1 | G86: 2 | I86: 0 | K86: 2 | L86: 0 | M86: 1 | N86: 2 | Q86: 1 | T86: 0 | V86: 0 | AB86: 7 | AD86: 5 | AE86: 4 | AF86: 5 | AG86: 4 | AH86: 5 | AI86: 33
A87: 67 | B87: 1167 | C87: ENR067 | D87: STU067 | F87: 2 | G87: 2 | H87: 2 | I87: 2 | K87: 2 | M87: 2 | N87: 4 | O87: 2 | Q87: 1 | R87: 2 | S87: 2 | U87: 2 | V87: 2 | W87: 4 | X87: 4 | Y87: 4 | Z87: 2 | AB87: 9 | AD87: 3 | AE87: 4 | AF87: 5 | AG87: 3 | AH87: 5 | AI87: 62
A88: 68 | B88: 1168 | C88: ENR068 | D88: STU068 | F88: 1 | G88: 2 | H88: 2 | I88: 2 | K88: 2 | M88: 4 | N88: 4 | O88: 2 | Q88: 2 | R88: 2 | S88: 2 | T88: 1 | U88: 2 | V88: 2 | W88: 4 | X88: 3 | Y88: 4 | Z88: 4 | AB88: 9 | AD88: 4 | AE88: 4 | AF88: 4 | AG88: 4 | AH88: 5 | AI88: 68
A89: 69 | B89: 1169 | C89: ENR069 | D89: STU069 | F89: 2 | G89: 2 | H89: 1 | I89: 2 | K89: 1 | M89: 1 | N89: 1 | O89: 2 | R89: 2 | S89: 2 | U89: 0 | V89: 2 | W89: 1 | Y89: 4 | Z89: 2 | AB89: 6 | AD89: 4 | AE89: 2 | AF89: 4 | AG89: 3 | AH89: 5 | AI89: 29
A90: 70 | B90: 1170 | C90: ENR070 | D90: STU070 | F90: 2 | G90: 2 | H90: 2 | I90: 2 | K90: 2 | L90: 4 | M90: 3 | N90: 4 | Q90: 2 | R90: 2 | S90: 2 | T90: 2 | V90: 2 | W90: 4 | Y90: 4 | Z90: 4 | AB90: 10 | AD90: 4 | AE90: 4 | AF90: 4 | AG90: 4 | AH90: 4 | AI90: 69
A91: 71 | B91: 1171 | C91: ENR071 | D91: STU071 | F91: 2 | G91: 1 | H91: 2 | I91: 2 | J91: 2 | L91: 1 | N91: 1 | Q91: 0 | R91: 0 | T91: 0 | U91: 0 | V91: 1 | X91: 0 | Y91: 4 | AB91: 6 | AD91: 3 | AE91: 3 | AF91: 5 | AG91: 4 | AH91: 5 | AI91: 30
A92: 72 | B92: 1172 | C92: ENR072 | D92: STU072 | F92: 2 | G92: 2 | H92: 1 | I92: 0 | J92: 0 | K92: 2 | M92: 0 | O92: 0 | Q92: 2 | R92: 2 | S92: 2 | U92: 0 | W92: 2 | X92: 4 | Y92: 0 | Z92: 4 | AB92: 8 | AD92: 3 | AE92: 2 | AF92: 4 | AG92: 4 | AH92: 3 | AI92: 30
A93: 73 | B93: 1173 | C93: ENR073 | D93: STU073 | F93: 2 | G93: 2 | I93: 0 | J93: 2 | K93: 2 | L93: 4 | M93: 4 | N93: 2 | Q93: 2 | R93: 2 | S93: 1 | T93: 0 | U93: 1 | W93: 4 | X93: 0 | Y93: 1 | Z93: 2 | AB93: 9 | AD93: 4 | AE93: 4 | AF93: 4 | AG93: 4 | AH93: 4 | AI93: 45
A94: 74 | B94: 1174 | C94: ENR074 | D94: STU074 | F94: 2 | I94: 2 | L94: 1 | O94: 0 | Q94: 2 | R94: 0 | V94: 1 | Y94: 2 | Z94: 0 | AB94: 7 | AD94: 5 | AE94: 4 | AF94: 5 | AG94: 5 | AH94: 5 | AI94: 14
A95: 75 | B95: 1175 | C95: ENR075 | D95: STU075 | F95: 2 | G95: 2 | H95: 2 | I95: 0 | J95: 2 | L95: 1 | M95: 4 | N95: 0 | Q95: 2 | R95: 2 | S95: 1 | T95: 0 | V95: 1 | W95: 4 | X95: 4 | Y95: 2 | AB95: 7 | AD95: 5 | AE95: 5 | AF95: 5 | AG95: 5 | AH95: 5 | AI95: 39
A96: 76 | B96: 1176 | C96: ENR076 | D96: STU076 | F96: 2 | G96: 2 | J96: 2 | K96: 2 | L96: 4 | M96: 1 | N96: 1 | Q96: 0 | R96: 0 | S96: 2 | U96: 2 | Y96: 0 | Z96: 2 | AB96: 7 | AD96: 5 | AE96: 4 | AF96: 2 | AG96: 2 | AH96: 2 | AI96: 30
A97: 77 | B97: 1177 | C97: ENR077 | D97: STU077 | F97: 2 | G97: 2 | K97: 2 | N97: 0 | O97: 4 | S97: 2 | T97: 0 | U97: 1 | Y97: 4 | Z97: 1 | AB97: 7 | AD97: 4 | AE97: 3 | AF97: 4 | AG97: 3 | AH97: 5 | AI97: 21
A98: 78 | B98: 1178 | C98: ENR078 | D98: STU078 | F98: 2 | G98: 2 | H98: 2 | I98: 2 | J98: 0 | L98: 0 | M98: 0 | N98: 0 | O98: 4 | R98: 2 | S98: 2 | U98: 2 | V98: 2 | W98: 1 | Y98: 4 | AB98: 7 | AD98: 5 | AE98: 4 | AF98: 4 | AG98: 5 | AH98: 4 | AI98: 31
A99: 79 | B99: 1179 | C99: ENR079 | D99: STU079 | F99: 2 | G99: 2 | H99: 2 | I99: 2 | J99: 2 | K99: 2 | L99: 1 | M99: 4 | R99: 2 | S99: 2 | U99: 2 | V99: 2 | W99: 4 | Y99: 4 | AB99: 10 | AD99: 3 | AE99: 3 | AF99: 3 | AG99: 3 | AH99: 3 | AI99: 58
A100: 80 | B100: 1180 | C100: ENR080 | D100: STU080 | F100: 2 | G100: 2 | H100: 0 | I100: 0 | O100: 4 | Q100: 0 | S100: 1 | T100: 0 | Y100: 2 | Z100: 0 | AB100: 6 | AD100: 4 | AE100: 3 | AF100: 3 | AG100: 3 | AH100: 4 | AI100: 14
A101: 81 | B101: 1181 | C101: ENR081 | D101: STU081 | F101: 1 | H101: 0 | J101: 2 | O101: 1 | Q101: 0 | S101: 1 | V101: 0 | W101: 0 | Y101: 4 | AB101: 7 | AD101: 5 | AE101: 4 | AF101: 5 | AG101: 4 | AH101: 5 | AI101: 16
...

Sheet Action_Taken 
A1: A.Y | B1: 2022-23 | D1: Class and Div | F1: FY | G1: C,D,E | H1: Faculty | I1: Ms. S.S.Patil
A2: course code | C2: 22224 | D2: Course | E2: AMI
A3: CO-PO/PSO Mapping
A5: CO | B5: PO | I5: PSO | L5: CO'S | M5: CT1 | N5: CT2 | O5: MiroProject | P5: CAS | Q5: CES | R5: IAA | S5: Final 60% IAA | T5: EAA | U5: Final 40% EAA | V5: Final Attainment 100%
B6: 1 | C6: 2 | D6: 3 | E6: 4 | F6: 5 | G6: 6 | H6: 7 | I6: 1 | J6: 2 | L6: 22224.1 | M6: 3 | O6: 3 | Q6: 3 | R6: 3 | S6: 1.8 | T6: 2 | U6: 0.8 | V6: 2.6
A7: 22224.1 | B7: 2 | C7: 2 | D7: 2 | E7: 2 | G7: 2 | H7: 1 | I7: 1 | L7: 22224.2 | N7: 2.3333333 | O7: 3 | Q7: 3 | R7: 2.4666667 | S7: 1.48 | T7: 2 | U7: 0.8 | V7: 2.28
A8: 22224.2 | B8: 1.6666667 | C8: 1.6666667 | F8: 1.6666667 | H8: 1 | I8: 1 | L8: 22224.3 | N8: 2.75 | O8: 3 | Q8: 3 | R8: 2.8 | S8: 1.68 | T8: 2 | U8: 0.8 | V8: 2.48
A9: 22224.3 | B9: 1.3333333 | C9: 1.3333333 | F9: 1.3333333 | H9: 1 | I9: 1 | L9: 22224.4 | N9: 2.3333333 | O9: 3 | Q9: 3 | R9: 2.4666667 | S9: 1.48 | T9: 2 | U9: 0.8 | V9: 2.28
A10: 22224.4 | B10: 1.3333333 | C10: 1.3333333 | D10: 1.3333333 | E10: 1.3333333 | F10: 1.3333333 | G10: 1.3333333 | H10: 1 | I10: 1 | L10: 22224.5 | M10: 2.5 | O10: 3 | Q10: 3 | R10: 2.6 | S10: 1.56 | T10: 2 | U10: 0.8 | V10: 2.36
A11: 22224.5 | B11: 1.6666667 | C11: 1.6666667 | D11: 1.6666667 | E11: 1.6666667 | F11: 1.6666667 | G11: 1.3333333 | H11: 1 | I11: 1
B13: =IF(SUM(B7:B11)=0,"-",AVERAGE(B7:B11)) -> 1.6 | C13: =IF(SUM(C7:C11)=0,"-",AVERAGE(C7:C11)) -> 1.6 | D13: =IF(SUM(D7:D11)=0,"-",AVERAGE(D7:D11)) -> 1.6666667 | E13: =IF(SUM(E7:E11)=0,"-",AVERAGE(E7:E11)) -> 1.6666667 | F13: =IF(SUM(F7:F11)=0,"-",AVERAGE(F7:F11)) -> 1.5 | G13: =IF(SUM(G7:G11)=0,"-",AVERAGE(G7:G11)) -> 1.5555556 | H13: =IF(SUM(H7:H11)=0,"-",AVERAGE(H7:H11)) -> 1 | I13: =IF(SUM(I7:I11)=0,"-",AVERAGE(I7:I11)) -> 1
A15: CO-PO Attained matrix
A16: CO | B16: PO1 | C16: PO2 | D16: PO3 | E16: PO4 | F16: PO5 | G16: PO6 | H16: PO7 | I16: PSO1 | J16: PSO2
A17: 22224.1 | B17: =(B7*$V$6)/3 -> 1.7333333 | C17: =(C7*$V$6)/3 -> 1.7333333 | E17: =(E7*$V$6)/3 -> 1.7333333 | G17: =(G7*$V$6)/3 -> 1.7333333 | H17: =(H7*$V$6)/3 -> 0.86666667 | I17: =(I7*$V$6)/3 -> 0.86666667
A18: 22224.2 | B18: =(B8*$V$7)/3 -> 1.2666667 | C18: =(C8*$V$7)/3 -> 1.2666667 | F18: =(F8*$V$7)/3 -> 1.2666667 | G18: =(G8*$V$7)/3 -> 0 | H18: =(H8*$V$7)/3 -> 0.76 | I18: =(I8*$V$7)/3 -> 0.76
A19: 22224.3 | B19: =(B9*$V$8)/3 -> 1.1022222 | H19: =(H9*$V$8)/3 -> 0.82666667 | I19: =(I9*$V$8)/3 -> 0.82666667
A20: 22224.4 | B20: =(B10*$V$9)/3 -> 1.0133333 | C20: =(C10*$V$9)/3 -> 1.0133333 | D20: =(D10*$V$9)/3 -> 1.0133333 | E20: =(E10*$V$9)/3 -> 1.0133333 | G20: =(G10*$V$9)/3 -> 1.0133333 | H20: =(H10*$V$9)/3 -> 0.76 | I20: =(I10*$V$9)/3 -> 0.76
A21: 22224.5 | B21: =(B11*$V$10)/3 -> 1.3111111 | C21: =(C11*$V$10)/3 -> 1.3111111 | D21: =(D11*$V$10)/3 -> 1.3111111 | E21: =(E11*$V$10)/3 -> 1.3111111 | F21: =(F11*$V$10)/3 -> 1.3111111 | G21: =(G11*$V$10)/3 -> 1.0488889 | H21: =(H11*$V$10)/3 -> 0.78666667 | I21: =(I11*$V$10)/3 -> 0.78666667
A22: Attainment (Direct) | B22: =AVERAGE(B17:B21) -> 1.2853333 | C22: =AVERAGE(C17:C21) -> 1.3311111 | D22: =AVERAGE(D17:D21) -> 1.1622222 | E22: =AVERAGE(E17:E21) -> 1.3525926 | F22: =AVERAGE(F17:F21) -> 1.2888889 | G22: =AVERAGE(G17:G21) -> 0.94888889 | H22: =AVERAGE(H17:H21) -> 0.8 | I22: =AVERAGE(I17:I21) -> 0.8
A24: CO/PO | B24: PO1 | C24: PO2 | D24: PO3 | E24: PO4 | F24: PO5 | G24: PO6 | H24: PO7 | I24: PSO1 | J24: PSO2
A25: Target | B25: =B13 -> 1.6 | C25: =C13 -> 1.6 | D25: =D13 -> 1.6666667 | E25: =E13 -> 1.6666667 | F25: =F13 -> 1.5 | G25: =G13 -> 1.5555556 | H25: =H13 -> 1 | I25: =I13 -> 1
A26: Attained | B26: =B22 -> 1.2853333 | C26: =C22 -> 1.3311111 | D26: =D22 -> 1.1622222 | E26: =E22 -> 1.3525926 | F26: =F22 -> 1.2888889 | G26: =G22 -> 0.94888889 | H26: =H22 -> 0.8 | I26: =I22 -> 0.8
A27: % Attainment | B27: =(B26/B25)*100 -> 80.333333 | C27: =(C26/C25)*100 -> 83.194444 | D27: =(D26/D25)*100 -> 69.733333 | E27: =(E26/E25)*100 -> 81.155556 | F27: =(F26/F25)*100 -> 85.925926 | G27: =(G26/G25)*100 -> 61 | H27: =(H26/H25)*100 -> 80 | I27: =(I26/I25)*100 -> 80
A35: Attainment Level
A36: Highly Achived | C36: If % of attainment is greater than 80%
A37: Moderately achieved | C37: If % of attainment is in between than 60 to80%
A38: poorly achieved | C38: If % of attainment is in between than 30 to 59.99%
A39: Not Achieved | C39: If % of attainment is less than 30 %
A44: Observations & Action Planned
A45: PO | B45: % Attainment 2022-23 | D45: Level | H45: Action to be taken in 2023-24
A46: PO1 | B46: =B27 -> 80.333333 | D46: Highly Achived | H46: 1) The videos related to difficult points prepared by msbte were sent to students to clear the concepts . 2)Chapterwise Assignments questions provied for getting familler . 3) In Academic year i.e. 2020-21due to panedemic examination was conducted in online mode where 50% weightage was for objective and 50% weightage for subjective evaluation. It helped to raise the result of this coursewith the type of question and type of answer to be written for examination. 4) Assessment of 22103.2 based on practise only so planned to take more practice on that part. 5) Planned to continue same activity based learning for difficult chapter to raise students mark.
A47: PO2 | B47: =C27 -> 83.194444 | D47: Highly Achived
A48: PO3 | B48: =D27 -> 69.733333 | D48: Moderately achieved
A49: PO4 | B49: =E27 -> 81.155556 | D49: Highly Achived
A50: PO5 | B50: =F27 -> 85.925926 | D50: Highly Achived
A51: PO6 | B51: =G27 -> 61 | D51: Moderately achieved
A52: PO7 | B52: =H27 -> 80 | D52: Moderately achieved
A53: PSO1 | B53: =I27 -> 80 | D53: Moderately achieved
A54: PSO2

Sheet Dashboard
A1: Academic Performance & CO-PO Attainment Dashboard
A4: TOTAL STUDENTS | D4: NUMBER OF COs | G4: AVERAGE CO ATTAINMENT
A5: =COUNTA(CO_Attainment!D21:D227) -> 207 | D5: =COUNTA(CO_Attainment!AD12:AH12) -> 5 | G5: =AVERAGE(CO_Attainment!AW5:AW9) -> 2.4

Sheet Sheet2

Sheet ATTAINMENT
A1: =RAW!B2 -> -
A2: Assessment Tool | B2: MT | E2: ET | I2: CE
B3: =RAW!B4 -> C403.1 | C3: =RAW!C4 -> C403.2 | D3: =RAW!D4 -> C403.3 | E3: =RAW!E4 -> C403.4 | F3: =RAW!F4 -> C403.5 | G3: =RAW!G4 -> C403.6 | I3: =RAW!H4 -> #REF! | J3: =RAW!I4 -> C403.2 | K3: =RAW!J4 -> C403.3 | L3: =RAW!K4 -> C403.4 | M3: =RAW!L4 -> C403.5 | N3: =RAW!M4 -> C403.6
A4: Attainement | B4: =RAW!B12 -> 0 | C4: =RAW!C12 -> 1 | D4: =RAW!D12 -> 3 | E4: =RAW!E12 -> 3 | F4: =RAW!F12 -> 3 | G4: =RAW!G12 -> 1 | I4: =RAW!H12 -> 3 | J4: =RAW!I12 -> 3 | K4: =RAW!J12 -> 3 | L4: =RAW!K12 -> 3 | M4: =RAW!L12 -> 3 | N4: =RAW!M12 -> 3
J6: TW | L6: UE
J7: ALL CO | L7: =RAW!N4 -> ALL CO
J8: =RAW!O12 -> 3 | L8: =RAW!N12 -> 1
A11: CO | B11: INTERNAL(60%) | M11: Internal Assessment Attainment IAA | N11: External (40%) | P11: External Assessment EA | Q11: Final CO Attainment
B12: CT1 | C12: CT2 | J12: MP | K12: TW | L12: CES | N12: ESE-PR | O12: ESE-TH
A13: Weightages for tools | B13: 0.15 | C13: 0.15 | J13: 0.1 | K13: 0.15 | L13: 0.05 | M13: =SUM(B13:L13) -> 0.6 | N13: 0.4 | P13: =SUM(N13:O13) -> 0.4 | Q13: =M13+P13 -> 1
A14: =CO_PO_Mapping!U8 -> C403.1 | B14: =B4 -> 0 | K14: =J8 -> 3 | L14: =I4 -> 3 | M14: =((AVERAGE(B14*$B$13))+(K14*$K$13)+(L14*$L$13)) -> 0.6 | N14: =L8 -> 1 | P14: =(N14*$N$13)+(O14*O13) -> 0.4 | Q14: =M14+P14 -> 1
A15: =CO_PO_Mapping!U9 -> C403.2 | B15: =C4 -> 1 | K15: =J8 -> 3 | L15: =J4 -> 3 | M15: =((AVERAGE(B15*$B$13))+(K15*$K$13)+(L15*$L$13)) -> 0.75 | N15: 1 | P15: =(N15*$N$13)+(O15*O14) -> 0.4 | Q15: =M15+P15 -> 1.15
A16: =CO_PO_Mapping!U10 -> C403.3 | B16: =D4 -> 3 | K16: =J8 -> 3 | L16: =K4 -> 3 | M16: =((AVERAGE(B16*$B$13))+(K16*$K$13)+(L16*$L$13)) -> 1.05 | N16: 1 | P16: =(N16*$N$13)+(O16*O15) -> 0.4 | Q16: =M16+P16 -> 1.45
A17: =CO_PO_Mapping!U11 -> C403.4 | C17: =E4 -> 3 | K17: =J8 -> 3 | L17: =L4 -> 3 | M17: =((AVERAGE(C17*$C$13))+(K17*$K$13)+(L17*$L$13)) -> 1.05 | N17: 1 | P17: =(N17*$N$13)+(O17*O16) -> 0.4 | Q17: =M17+P17 -> 1.45
A18: =CO_PO_Mapping!U12 -> C403.5 | C18: =F4 -> 3 | K18: =J8 -> 3 | L18: =M4 -> 3 | M18: =((AVERAGE(C18*$C$13))+(K18*$K$13)+(L18*$L$13)) -> 1.05 | N18: 1 | P18: =(N18*$N$13)+(O18*O17) -> 0.4 | Q18: =M18+P18 -> 1.45
A19: =CO_PO_Mapping!U13 -> C403.6 | C19: =G4 -> 1 | K19: =J8 -> 3 | L19: =N4 -> 3 | M19: =((AVERAGE(C19*$C$13))+(K19*$K$13)+(L19*$L$13)) -> 0.75 | N19: 1 | P19: =(N19*$N$13)+(O19*O18) -> 0.4 | Q19: =M19+P19 -> 1.15
A21: Final CO-PO Attainment for Course
A22: CO | B22: PO | N22: PSO
B23: 1 | C23: 2 | D23: 3 | E23: 4 | F23: 5 | G23: 6 | H23: 7 | I23: 8 | J23: 9 | K23: 10 | L23: 11 | M23: 12 | N23: 1 | O23: 2
A24: =CO_PO_Mapping!#REF! -> #REF! | B24: =IF(CO_PO_Mapping!V8="-","-",(CO_PO_Mapping!V8/3)*ATTAINMENT!$Q$14) -> 0 | C24: =IF(CO_PO_Mapping!W8="-","-",(CO_PO_Mapping!W8/3)*ATTAINMENT!$Q$14) -> 0
A25: =CO_PO_Mapping!U20 -> C403.2 | B25: =IF(CO_PO_Mapping!V9="-","-",(CO_PO_Mapping!V9/3)*ATTAINMENT!$Q$15) -> 0 | C25: =IF(CO_PO_Mapping!W9="-","-",(CO_PO_Mapping!W9/3)*ATTAINMENT!$Q$15) -> 0 | D25: =IF(CO_PO_Mapping!X9="-","-",(CO_PO_Mapping!X9/3)*ATTAINMENT!$Q$15) -> 0 | E25: =IF(CO_PO_Mapping!AA9="-","-",(CO_PO_Mapping!AA9/3)*ATTAINMENT!$Q$15) -> 0 | F25: =IF(CO_PO_Mapping!AB9="-","-",(CO_PO_Mapping!AB9/3)*ATTAINMENT!$Q$15) -> 0 | G25: =IF(CO_PO_Mapping!AC9="-","-",(CO_PO_Mapping!AC9/3)*ATTAINMENT!$Q$15) -> 0 | J25: =IF(CO_PO_Mapping!AF9="-","-",(CO_PO_Mapping!AF9/3)*ATTAINMENT!$Q$15) -> 0 | K25: =IF(CO_PO_Mapping!AG9="-","-",(CO_PO_Mapping!AG9/3)*ATTAINMENT!$Q$15) -> 0 | N25: =IF(CO_PO_Mapping!AJ9="-","-",(CO_PO_Mapping!AJ9/3)*ATTAINMENT!$Q$15) -> 0 | O25: =IF(CO_PO_Mapping!AK9="-","-",(CO_PO_Mapping!AK9/3)*ATTAINMENT!$Q$15) -> 0
A26: =CO_PO_Mapping!U21 -> C403.3 | B26: =IF(CO_PO_Mapping!V10="-","-",(CO_PO_Mapping!V10/3)*ATTAINMENT!$Q$16) -> 0 | C26: =IF(CO_PO_Mapping!W10="-","-",(CO_PO_Mapping!W10/3)*ATTAINMENT!$Q$16) -> 0 | D26: =IF(CO_PO_Mapping!X10="-","-",(CO_PO_Mapping!X10/3)*ATTAINMENT!$Q$16) -> 0 | E26: =IF(CO_PO_Mapping!AA10="-","-",(CO_PO_Mapping!AA10/3)*ATTAINMENT!$Q$16) -> 0 | F26: =IF(CO_PO_Mapping!AB10="-","-",(CO_PO_Mapping!AB10/3)*ATTAINMENT!$Q$16) -> 0 | G26: =IF(CO_PO_Mapping!AC10="-","-",(CO_PO_Mapping!AC10/3)*ATTAINMENT!$Q$16) -> 0 | J26: =IF(CO_PO_Mapping!AF10="-","-",(CO_PO_Mapping!AF10/3)*ATTAINMENT!$Q$16) -> 0 | K26: =IF(CO_PO_Mapping!AG10="-","-",(CO_PO_Mapping!AG10/3)*ATTAINMENT!$Q$16) -> 0 | N26: =IF(CO_PO_Mapping!AJ10="-","-",(CO_PO_Mapping!AJ10/3)*ATTAINMENT!$Q$16) -> 0 | O26: =IF(CO_PO_Mapping!AK10="-","-",(CO_PO_Mapping!AK10/3)*ATTAINMENT!$Q$16) -> 0
A27: =CO_PO_Mapping!U22 -> C403.4 | B27: =IF(CO_PO_Mapping!V11="-","-",(CO_PO_Mapping!V11/3)*ATTAINMENT!$Q$17) -> 0 | C27: =IF(CO_PO_Mapping!W11="-","-",(CO_PO_Mapping!W11/3)*ATTAINMENT!$Q$17) -> 0 | D27: =IF(CO_PO_Mapping!X11="-","-",(CO_PO_Mapping!X11/3)*ATTAINMENT!$Q$17) -> 0 | E27: =IF(CO_PO_Mapping!AA11="-","-",(CO_PO_Mapping!AA11/3)*ATTAINMENT!$Q$17) -> 0 | F27: =IF(CO_PO_Mapping!AB11="-","-",(CO_PO_Mapping!AB11/3)*ATTAINMENT!$Q$17) -> 0 | G27: =IF(CO_PO_Mapping!AC11="-","-",(CO_PO_Mapping!AC11/3)*ATTAINMENT!$Q$17) -> 0 | J27: =IF(CO_PO_Mapping!AF11="-","-",(CO_PO_Mapping!AF11/3)*ATTAINMENT!$Q$17) -> 0 | K27: =IF(CO_PO_Mapping!AG11="-","-",(CO_PO_Mapping!AG11/3)*ATTAINMENT!$Q$17) -> 0 | N27: =IF(CO_PO_Mapping!AJ11="-","-",(CO_PO_Mapping!AJ11/3)*ATTAINMENT!$Q$17) -> 0 | O27: =IF(CO_PO_Mapping!AK11="-","-",(CO_PO_Mapping!AK11/3)*ATTAINMENT!$Q$17) -> 0
A28: =CO_PO_Mapping!U23 -> C403.5 | B28: =IF(CO_PO_Mapping!V12="-","-",(CO_PO_Mapping!V12/3)*ATTAINMENT!$Q$18) -> 0 | C28: =IF(CO_PO_Mapping!W12="-","-",(CO_PO_Mapping!W12/3)*ATTAINMENT!$Q$18) -> 0 | D28: =IF(CO_PO_Mapping!X12="-","-",(CO_PO_Mapping!X12/3)*ATTAINMENT!$Q$18) -> 0 | E28: =IF(CO_PO_Mapping!AA12="-","-",(CO_PO_Mapping!AA12/3)*ATTAINMENT!$Q$18) -> 0 | F28: =IF(CO_PO_Mapping!AB12="-","-",(CO_PO_Mapping!AB12/3)*ATTAINMENT!$Q$18) -> 0 | G28: =IF(CO_PO_Mapping!AC12="-","-",(CO_PO_Mapping!AC12/3)*ATTAINMENT!$Q$18) -> 0 | J28: =IF(CO_PO_Mapping!AF12="-","-",(CO_PO_Mapping!AF12/3)*ATTAINMENT!$Q$18) -> 0 | K28: =IF(CO_PO_Mapping!AG12="-","-",(CO_PO_Mapping!AG12/3)*ATTAINMENT!$Q$18) -> 0 | N28: =IF(CO_PO_Mapping!AJ12="-","-",(CO_PO_Mapping!AJ12/3)*ATTAINMENT!$Q$18) -> 0 | O28: =IF(CO_PO_Mapping!AK12="-","-",(CO_PO_Mapping!AK12/3)*ATTAINMENT!$Q$18) -> 0
A29: =CO_PO_Mapping!U24 -> C403.6 | B29: =IF(CO_PO_Mapping!V13="-","-",(CO_PO_Mapping!V13/3)*ATTAINMENT!$Q$19) -> 0 | C29: =IF(CO_PO_Mapping!W13="-","-",(CO_PO_Mapping!W13/3)*ATTAINMENT!$Q$19) -> 0 | D29: =IF(CO_PO_Mapping!X13="-","-",(CO_PO_Mapping!X13/3)*ATTAINMENT!$Q$19) -> 0 | E29: =IF(CO_PO_Mapping!AA13="-","-",(CO_PO_Mapping!AA13/3)*ATTAINMENT!$Q$19) -> 0 | F29: =IF(CO_PO_Mapping!AB13="-","-",(CO_PO_Mapping!AB13/3)*ATTAINMENT!$Q$19) -> 0 | G29: =IF(CO_PO_Mapping!AC13="-","-",(CO_PO_Mapping!AC13/3)*ATTAINMENT!$Q$19) -> 0 | J29: =IF(CO_PO_Mapping!AF13="-","-",(CO_PO_Mapping!AF13/3)*ATTAINMENT!$Q$19) -> 0 | K29: =IF(CO_PO_Mapping!AG13="-","-",(CO_PO_Mapping!AG13/3)*ATTAINMENT!$Q$19) -> 0 | N29: =IF(CO_PO_Mapping!AJ13="-","-",(CO_PO_Mapping!AJ13/3)*ATTAINMENT!$Q$19) -> 0 | O29: =IF(CO_PO_Mapping!AK13="-","-",(CO_PO_Mapping!AK13/3)*ATTAINMENT!$Q$19) -> 0
A30: =CO_PO_Mapping!U14 -> 0 | B30: =IF(SUM(B24:B29)=0,"-",AVERAGE(B24:B29)) -> - | C30: =IF(SUM(C24:C29)=0,"-",AVERAGE(C24:C29)) -> - | D30: =IF(SUM(D24:D29)=0,"-",AVERAGE(D24:D29)) -> - | E30: =IF(SUM(E24:E29)=0,"-",AVERAGE(E24:E29)) -> - | F30: =IF(SUM(F24:F29)=0,"-",AVERAGE(F24:F29)) -> - | G30: =IF(SUM(G24:G29)=0,"-",AVERAGE(G24:G29)) -> - | H30: =IF(SUM(H24:H29)=0,"-",AVERAGE(H24:H29)) -> - | I30: =IF(SUM(I24:I29)=0,"-",AVERAGE(I24:I29)) -> - | ... O30: =IF(SUM(O24:O29)=0,"-",AVERAGE(O24:O29)) -> -
F48: Final CO-PO Attainment for Course
F65: Final CO-PSO Attainment for Course

Sheet Observation and action taken
B1: Target and Attainment
B2: CO/PO | D2: PO1 | E2: PO2 | F2: PO3 | G2: PO4 | H2: PO5 | I2: PO6 | J2: PO7 | K2: PO8 | L2: PO9 | M2: PO10 | N2: PO11 | O2: PO12 | P2: PSO1 | Q2: PSO2
B3: Target | C3: C403
B4: Attained | C4: C403
B5: % Attainment | D5: =D4/D3*100 -> #DIV/0! | E5: =E4/E3*100 -> #DIV/0! | F5: =F4/F3*100 -> #DIV/0! | G5: =G4/G3*100 -> #DIV/0! | H5: =H4/H3*100 -> #DIV/0! | L5: =L4/L3*100 -> #DIV/0! | M5: =M4/M3*100 -> #DIV/0! | P5: =P4/P3*100 -> #DIV/0! | Q5: =Q4/Q3*100 -> #DIV/0!
B7: Impact of action Taken (Target and Attainment AY 2022-23)
B9: CO/PO | D9: PO1 | E9: PO2 | F9: PO3 | G9: PO4 | H9: PO5 | I9: PO6 | J9: PO7 | K9: PO8 | L9: PO9 | M9: PO10 | N9: PO11 | O9: PO12 | P9: PSO1 | Q9: PSO2
B10: Target | C10: C403 | D10: 2 | E10: 2 | F10: 2 | G10: 2 | H10: 1.4 | I10: 1.2 | J10: - | K10: - | L10: 1.4 | M10: 1.4 | N10: - | O10: - | P10: 1 | Q10: 1.2
B11: Attained | C11: C403 | D11: 1.0333333 | E11: 1.0333333 | F11: 1.0666667 | G11: 1.0666667 | H11: 0.75666667 | I11: 0.64 | J11: - | K11: - | L11: 0.75666667 | M11: 0.75666667 | N11: - | O11: - | P11: 0.54333333 | Q11: 0.64
B12: % Attainment | D12: =D11/D10*100 -> 51.666667 | E12: =E11/E10*100 -> 51.666667 | F12: =F11/F10*100 -> 53.333333 | G12: =G11/G10*100 -> 53.333333 | H12: =H11/H10*100 -> 54.047619 | I12: =I11/I10*100 -> 53.333333 | L12: =L11/L10*100 -> 54.047619 | M12: =M11/M10*100 -> 54.047619 | P12: =P11/P10*100 -> 54.333333 | Q12: =Q11/Q10*100 -> 53.333333
A14: Attainment Level
A15: Highly Achived | C15: If % of attainment is greater than 83.33%
A16: Moderately achieved | C16: If % of attainment is in between than 60 to 83.33%
A17: poorly achieved | C17: If % of attainment is in between than 30 to 59.99%
A18: Not Achieved | C18: If % of attainment is less than 30 %
A20: Status of attainment 2022-23
A21: PO | B21: % Attainment | D21: Level | F21: Observation | L21: action to be taken
A22: PO1 | B22: =D12 -> 51.666667 | D22: Poorly Achieved | F22: Students were lacking understand and apply the basic concepts of FEA to solve engineering problems. | L22: This is the last batch of CBCS pattern. So no action taken is planned.
A23: PO2 | B23: =E12 -> 51.666667 | D23: Poorly Achieved | F23: Students were not able to solve the problems of 1D, plane stress, plain strain,axisymmetric and heat transfer problems using principles of mathematics.
A24: PO3 | B24: =F12 -> 53.333333 | D24: Poorly Achieved | F24: Students were not able to design solutions for complex problems.
A25: PO4 | B25: =G12 -> 53.333333 | D25: Poorly Achieved | F25: Students were not able to analyze and interpret the data.
A26: PO5 | B26: =H12 -> 54.047619 | D26: Poorly Achieved | F26: Students were unable to use ANSYS software to model and analyse the engineering problem on 1D (stepped bar,beam), 2D(plane stress and plain strain) & heat transfer problems.
A27: PO6 | B27: =I12 -> 53.333333 | D27: Poorly Achieved
A28: PO9 | B28: =L12 -> 54.047619 | D28: Poorly Achieved | F28: Students were unable to solve the problems individually. Students were unable to use ANSYS software to perform the analysis individually.
A29: PO10 | B29: =M12 -> 54.047619 | D29: Poorly Achieved | F29: Students were unable to communicate effectively.
A30: PSO1 | B30: =P12 -> 54.333333 | D30: Poorly Achieved | F30: Student were unable to apply the knowledge in ENGG. science while performing the structural analysis.
A31: PSO2 | B31: =Q12 -> 53.333333 | D31: Poorly Achieved | F31: Student were unable to apply the knowledge in thermal science while performing the heat transfer analysis of piston.
B36: Course Teacher | H36: Program coordinator | N36: H.o.D.
